fragment18:40192-40336,NR_170423.1,100.000,143,0,0,1,143,1131,1273,2.02e-67,265
fragment18:40192-40336,NR_145899.1,100.000,143,0,0,1,143,1137,1279,2.02e-67,265
fragment18:40192-40336,NR_179286.1,100.000,143,0,0,1,143,1134,1276,2.02e-67,265
fragment18:40192-40336,NR_136785.1,100.000,143,0,0,1,143,1170,1312,2.02e-67,265
fragment18:40192-40336,NR_104573.1,100.000,143,0,0,1,143,1163,1305,2.02e-67,265
fragment18:40192-40336,NR_113339.1,100.000,143,0,0,1,143,1170,1312,2.02e-67,265
fragment18:40192-40336,NR_113338.1,100.000,143,0,0,1,143,1170,1312,2.02e-67,265
fragment18:40192-40336,NR_117813.1,100.000,143,0,0,1,143,1159,1301,2.02e-67,265
fragment18:40192-40336,NR_042676.1,100.000,143,0,0,1,143,1177,1319,2.02e-67,265
fragment18:40192-40336,NR_112690.1,100.000,143,0,0,1,143,1132,1274,2.02e-67,265
fragment18:40192-40336,NR_042394.1,100.000,143,0,0,1,143,1163,1305,2.02e-67,265
fragment18:40192-40336,NR_042254.1,100.000,143,0,0,1,143,1170,1312,2.02e-67,265
fragment18:40192-40336,NR_025447.1,100.000,143,0,0,1,143,1172,1314,2.02e-67,265
fragment18:40192-40336,NR_029133.1,100.000,143,0,0,1,143,1170,1312,2.02e-67,265
fragment18:40192-40336,NR_115605.1,100.000,143,0,0,1,143,1170,1312,2.02e-67,265
fragment18:40192-40336,NR_179289.1,99.301,143,1,0,1,143,1127,1269,9.42e-66,259
fragment18:40192-40336,NR_179288.1,99.301,143,1,0,1,143,1126,1268,9.42e-66,259
fragment18:40192-40336,NR_179285.1,99.301,143,1,0,1,143,1131,1273,9.42e-66,259
fragment18:40192-40336,NR_136786.1,99.301,143,1,0,1,143,1170,1312,9.42e-66,259
fragment18:40192-40336,NR_125561.1,99.301,143,1,0,1,143,1138,1280,9.42e-66,259
fragment18:40192-40336,NR_109000.1,99.301,143,1,0,1,143,1131,1273,9.42e-66,259
fragment18:40192-40336,NR_179291.1,98.601,143,2,0,1,143,1137,1279,4.38e-64,254
fragment18:40192-40336,NR_179287.1,98.601,143,2,0,1,143,1139,1281,4.38e-64,254
fragment18:40192-40336,NR_179224.1,97.902,143,3,0,1,143,1186,1328,2.04e-62,248
fragment18:40192-40336,NR_112739.1,97.902,143,3,0,1,143,1131,1273,2.04e-62,248
fragment18:40192-40336,NR_112846.1,97.902,143,3,0,1,143,1188,1330,2.04e-62,248
fragment18:40192-40336,NR_112756.1,97.902,143,3,0,1,143,1171,1313,2.04e-62,248
fragment18:40192-40336,NR_042322.1,97.902,143,3,0,1,143,1160,1302,2.04e-62,248
fragment18:40192-40336,NR_024645.1,97.902,143,3,0,1,143,1182,1324,2.04e-62,248
fragment18:40192-40336,NR_181135.1,97.203,143,4,0,1,143,1171,1313,9.48e-61,243
fragment18:40192-40336,NR_179323.1,97.203,143,4,0,1,143,1160,1302,9.48e-61,243
fragment18:40192-40336,NR_125563.1,97.203,143,4,0,1,143,1139,1281,9.48e-61,243
fragment18:40192-40336,NR_114339.1,97.203,143,4,0,1,143,1170,1312,9.48e-61,243
fragment18:40192-40336,NR_108858.1,97.857,140,3,0,1,140,1179,1318,9.48e-61,243
fragment18:40192-40336,NR_116897.1,97.857,140,3,0,1,140,1181,1320,9.48e-61,243
fragment18:40192-40336,NR_042663.1,97.857,140,3,0,1,140,1187,1326,9.48e-61,243
fragment18:40192-40336,NR_112645.1,96.503,143,5,0,1,143,1189,1331,1.23e-59,239
fragment18:40192-40336,NR_181430.1,96.503,143,5,0,1,143,1199,1341,4.41e-59,237
fragment18:40192-40336,NR_181429.1,96.503,143,5,0,1,143,1154,1296,4.41e-59,237
fragment18:40192-40336,NR_181345.1,96.503,143,5,0,1,143,1199,1341,4.41e-59,237
fragment18:40192-40336,NR_179712.1,96.552,145,1,4,1,143,1178,1320,4.41e-59,237
fragment18:40192-40336,NR_179318.1,96.503,143,5,0,1,143,1121,1263,4.41e-59,237
fragment18:40192-40336,NR_179293.1,96.503,143,5,0,1,143,1133,1275,4.41e-59,237
fragment18:40192-40336,NR_114790.2,96.503,143,5,0,1,143,1095,1237,4.41e-59,237
fragment18:40192-40336,NR_114385.1,96.503,143,5,0,1,143,1170,1312,4.41e-59,237
fragment18:40192-40336,NR_114365.1,96.503,143,5,0,1,143,1170,1312,4.41e-59,237
fragment18:40192-40336,NR_114335.1,96.503,143,5,0,1,143,1180,1322,4.41e-59,237
fragment18:40192-40336,NR_113822.1,96.503,143,5,0,1,143,1170,1312,4.41e-59,237
fragment18:40192-40336,NR_104715.1,96.503,143,5,0,1,143,1163,1305,4.41e-59,237
fragment18:40192-40336,NR_113337.1,96.552,145,1,4,1,143,1171,1313,4.41e-59,237
fragment18:40192-40336,NR_113333.1,96.552,145,1,4,1,143,1171,1313,4.41e-59,237
fragment18:40192-40336,NR_113332.1,96.552,145,1,4,1,143,1171,1313,4.41e-59,237
fragment18:40192-40336,NR_117987.1,96.552,145,1,4,1,143,1149,1291,4.41e-59,237
fragment18:40192-40336,NR_116411.1,96.503,143,5,0,1,143,1176,1318,4.41e-59,237
fragment18:40192-40336,NR_115322.1,96.552,145,1,4,1,143,1195,1337,4.41e-59,237
fragment18:40192-40336,NR_112541.1,96.503,143,5,0,1,143,1192,1334,4.41e-59,237
fragment18:40192-40336,NR_043148.1,96.503,143,5,0,1,143,1177,1319,4.41e-59,237
fragment18:40192-40336,NR_114978.1,96.503,143,5,0,1,143,1200,1342,4.41e-59,237
fragment18:40192-40336,NR_114977.1,96.503,143,5,0,1,143,1199,1341,4.41e-59,237
fragment18:40192-40336,NR_042442.1,96.503,143,5,0,1,143,1189,1331,4.41e-59,237
fragment18:40192-40336,NR_041054.1,96.552,145,1,4,1,143,1171,1313,4.41e-59,237
fragment18:40192-40336,NR_042190.1,96.503,143,5,0,1,143,1203,1345,4.41e-59,237
fragment18:40192-40336,NR_041893.1,96.552,145,1,4,1,143,1183,1325,4.41e-59,237
fragment18:40192-40336,NR_042233.1,96.503,143,5,0,1,143,1183,1325,4.41e-59,237
fragment18:40192-40336,NR_025211.1,96.503,143,5,0,1,143,1164,1306,4.41e-59,237
fragment18:40192-40336,NR_125811.1,96.503,143,5,0,1,143,1159,1301,4.41e-59,237
fragment18:40192-40336,NR_028682.1,96.503,143,5,0,1,143,1174,1316,4.41e-59,237
fragment18:40192-40336,NR_043408.1,96.552,145,1,4,1,143,1170,1312,4.41e-59,237
fragment18:40192-40336,NR_115534.1,96.552,145,1,4,1,143,1171,1313,4.41e-59,237
fragment18:40192-40336,NR_025880.1,96.552,145,1,4,1,143,1171,1313,4.41e-59,237
fragment18:40192-40336,NR_037122.1,96.552,145,1,4,1,143,1171,1313,4.41e-59,237
fragment18:40192-40336,NR_119259.1,96.503,143,4,1,1,143,1147,1288,1.59e-58,235
fragment18:40192-40336,NR_025862.1,95.804,143,6,0,1,143,1173,1315,5.71e-58,233
fragment18:40192-40336,NR_024817.1,95.804,143,6,0,1,143,1157,1299,5.71e-58,233
fragment18:40192-40336,NR_118977.1,95.804,143,6,0,1,143,1182,1324,5.71e-58,233
fragment18:40192-40336,NR_159092.1,95.833,144,4,2,1,143,1178,1320,2.05e-57,231
fragment18:40192-40336,NR_147709.1,95.804,143,6,0,1,143,1199,1341,2.05e-57,231
fragment18:40192-40336,NR_145585.1,95.804,143,6,0,1,143,1135,1277,2.05e-57,231
fragment18:40192-40336,NR_181348.1,95.804,143,6,0,1,143,1199,1341,2.05e-57,231
fragment18:40192-40336,NR_180638.1,95.804,143,6,0,1,143,1177,1319,2.05e-57,231
fragment18:40192-40336,NR_180279.1,95.804,143,6,0,1,143,1130,1272,2.05e-57,231
fragment18:40192-40336,NR_179652.1,95.804,143,6,0,1,143,1177,1319,2.05e-57,231
fragment18:40192-40336,NR_179014.1,95.833,144,4,2,1,143,1137,1279,2.05e-57,231
fragment18:40192-40336,NR_179013.1,95.833,144,4,2,1,143,1145,1287,2.05e-57,231
fragment18:40192-40336,NR_133974.1,95.804,143,6,0,1,143,1142,1284,2.05e-57,231
fragment18:40192-40336,NR_044706.2,95.804,143,6,0,1,143,1186,1328,2.05e-57,231
fragment18:40192-40336,NR_148280.1,95.804,143,6,0,1,143,1119,1261,2.05e-57,231
fragment18:40192-40336,NR_108876.1,95.804,143,6,0,1,143,1170,1312,2.05e-57,231
fragment18:40192-40336,NR_113798.1,95.804,143,6,0,1,143,1159,1301,2.05e-57,231
fragment18:40192-40336,NR_114251.1,95.804,143,6,0,1,143,1170,1312,2.05e-57,231
fragment18:40192-40336,NR_109452.1,95.804,143,6,0,1,143,1153,1295,2.05e-57,231
fragment18:40192-40336,NR_028617.1,95.833,144,4,2,1,143,1166,1308,2.05e-57,231
fragment18:40192-40336,NR_116326.1,96.429,140,5,0,1,140,1175,1314,2.05e-57,231
fragment18:40192-40336,NR_025189.1,95.804,143,6,0,1,143,1189,1331,2.05e-57,231
fragment18:40192-40336,NR_041796.1,95.804,143,6,0,1,143,1174,1316,2.05e-57,231
fragment18:40192-40336,NR_044938.1,95.804,143,6,0,1,143,1161,1303,2.05e-57,231
fragment18:40192-40336,NR_024835.1,95.804,143,6,0,1,143,1190,1332,2.05e-57,231
fragment18:40192-40336,NR_181160.1,96.377,138,5,0,1,138,1160,1297,2.66e-56,228
fragment18:40192-40336,NR_042456.1,95.105,143,7,0,1,143,1170,1312,2.66e-56,228
fragment18:40192-40336,NR_025400.1,96.377,138,5,0,1,138,1156,1293,2.66e-56,228
fragment18:40481-40829,NR_041640.1,98.020,101,2,0,3,103,1438,1538,2.71e-40,176
fragment18:40481-40829,NR_147709.1,100.000,87,0,0,1,87,1485,1571,7.60e-36,161
fragment18:40481-40829,NR_029084.1,100.000,87,0,0,1,87,1464,1550,7.60e-36,161
fragment18:40481-40829,NR_180521.1,100.000,85,0,0,1,85,1479,1563,9.83e-35,158
fragment18:40481-40829,NR_042190.1,100.000,85,0,0,1,85,1489,1573,9.83e-35,158
fragment18:40481-40829,NR_042322.1,98.851,87,1,0,1,87,1445,1531,3.54e-34,156
fragment18:40481-40829,NR_042442.1,100.000,83,0,0,1,83,1474,1556,1.27e-33,154
fragment18:40481-40829,NR_029308.2,100.000,82,0,0,4,85,1487,1568,4.57e-33,152
fragment18:40481-40829,NR_029261.2,100.000,82,0,0,4,85,1489,1570,4.57e-33,152
fragment18:40481-40829,NR_028949.1,98.824,85,1,0,3,87,1458,1542,4.57e-33,152
fragment18:40481-40829,NR_036789.1,98.824,85,1,0,1,85,1484,1568,4.57e-33,152
fragment18:40481-40829,NR_041656.1,98.810,84,1,0,1,84,1484,1567,1.65e-32,150
fragment18:40481-40829,NR_112541.1,98.810,84,1,0,1,84,1479,1562,1.65e-32,150
fragment18:40481-40829,NR_114977.1,100.000,81,0,0,1,81,1485,1565,1.65e-32,150
fragment18:40481-40829,NR_029085.1,97.701,87,2,0,1,87,1482,1568,1.65e-32,150
fragment18:40481-40829,NR_025642.1,100.000,81,0,0,1,81,1478,1558,1.65e-32,150
fragment18:40481-40829,NR_029360.1,97.674,86,2,0,2,87,1469,1554,5.92e-32,148
fragment18:40481-40829,NR_028990.1,97.674,86,2,0,3,88,1473,1558,5.92e-32,148
fragment18:40481-40829,NR_041657.1,98.795,83,1,0,1,83,1484,1566,5.92e-32,148
fragment18:40481-40829,NR_174266.1,97.647,85,2,0,1,85,1490,1574,2.13e-31,147
fragment18:40481-40829,NR_041658.1,98.780,82,1,0,1,82,1484,1565,2.13e-31,147
fragment18:40481-40829,NR_042087.1,97.647,85,2,0,3,87,1477,1561,2.13e-31,147
fragment18:40481-40829,NR_025189.1,98.780,82,1,0,3,84,1478,1559,2.13e-31,147
fragment18:40481-40829,NR_042243.1,97.674,86,1,1,2,87,1464,1548,2.13e-31,147
fragment18:40481-40829,NR_042058.1,98.780,82,1,0,3,84,1488,1569,2.13e-31,147
fragment18:40481-40829,NR_042057.1,98.780,82,1,0,3,84,1488,1569,2.13e-31,147
fragment18:40481-40829,NR_024835.1,98.780,82,1,0,3,84,1478,1559,2.13e-31,147
fragment18:40481-40829,NR_075051.2,97.619,84,2,0,2,85,1490,1573,7.66e-31,145
fragment18:40481-40829,NR_125575.1,98.765,81,1,0,3,83,1465,1545,7.66e-31,145
fragment18:40481-40829,NR_041920.1,97.619,84,2,0,2,85,1489,1572,7.66e-31,145
fragment18:40481-40829,NR_113289.1,98.765,81,1,0,3,83,1477,1557,7.66e-31,145
fragment18:40481-40829,NR_041457.1,98.765,81,1,0,3,83,1450,1530,7.66e-31,145
fragment18:40481-40829,NR_114976.1,98.765,81,1,0,1,81,1457,1537,7.66e-31,145
fragment18:40481-40829,NR_024994.1,98.765,81,1,0,3,83,1488,1568,7.66e-31,145
fragment18:40481-40829,NR_156075.1,97.590,83,2,0,2,84,1484,1566,2.75e-30,143
fragment18:40481-40829,NR_147740.1,97.590,83,2,0,3,85,1483,1565,2.75e-30,143
fragment18:40481-40829,NR_179928.1,97.590,83,2,0,3,85,1485,1567,2.75e-30,143
fragment18:40481-40829,NR_041659.1,97.590,83,2,0,1,83,1484,1566,2.75e-30,143
fragment18:40481-40829,NR_041468.1,97.590,83,2,0,1,83,1474,1556,2.75e-30,143
fragment18:40481-40829,NR_165758.1,97.561,82,2,0,3,84,1478,1559,9.90e-30,141
fragment18:40481-40829,NR_104573.1,98.734,79,1,0,1,79,1449,1527,9.90e-30,141
fragment18:40481-40829,NR_112739.1,97.590,83,1,1,1,82,1416,1498,9.90e-30,141
fragment18:40481-40829,NR_159082.1,97.531,81,2,0,5,85,1497,1577,3.56e-29,139
fragment18:40481-40829,NR_075029.1,98.718,78,1,0,3,80,1490,1567,3.56e-29,139
fragment18:40481-40829,NR_117072.1,98.718,78,1,0,1,78,1423,1500,3.56e-29,139
fragment18:40481-40829,NR_113194.1,97.561,82,1,1,3,83,1460,1541,3.56e-29,139
fragment18:40481-40829,NR_041629.1,97.531,81,2,0,3,83,1474,1554,3.56e-29,139
fragment18:40481-40829,NR_041294.1,98.718,78,1,0,1,78,1479,1556,3.56e-29,139
fragment18:40481-40829,NR_028658.1,96.429,84,3,0,1,84,1471,1554,3.56e-29,139
fragment18:40481-40829,NR_181347.1,96.386,83,3,0,3,85,1486,1568,1.28e-28,137
fragment18:40481-40829,NR_181346.1,96.386,83,3,0,3,85,1486,1568,1.28e-28,137
fragment18:40481-40829,NR_181345.1,96.386,83,3,0,3,85,1487,1569,1.28e-28,137
fragment18:40481-40829,NR_181344.1,96.386,83,3,0,3,85,1487,1569,1.28e-28,137
fragment18:40481-40829,NR_125548.1,96.386,83,3,0,2,84,1482,1564,1.28e-28,137
fragment18:40481-40829,NR_036788.2,96.386,83,3,0,3,85,1486,1568,1.28e-28,137
fragment18:40481-40829,NR_075036.1,96.386,83,3,0,3,85,1487,1569,1.28e-28,137
fragment18:40481-40829,NR_117973.1,98.701,77,1,0,3,79,1466,1542,1.28e-28,137
fragment18:40481-40829,NR_113001.1,96.429,84,2,1,1,83,1483,1566,1.28e-28,137
fragment18:40481-40829,NR_042443.1,97.531,81,1,1,1,81,1482,1561,1.28e-28,137
fragment18:40481-40829,NR_042437.1,97.531,81,1,1,1,81,1479,1558,1.28e-28,137
fragment18:40481-40829,NR_024645.1,96.429,84,2,1,1,84,1467,1549,1.28e-28,137
fragment18:40481-40829,NR_043114.1,96.341,82,3,0,3,84,1479,1560,4.61e-28,135
fragment18:40481-40829,NR_025579.1,96.341,82,3,0,2,83,1455,1536,4.61e-28,135
fragment18:40481-40829,NR_170502.1,95.294,85,3,1,1,85,1488,1571,1.66e-27,134
fragment18:40481-40829,NR_103943.1,92.473,93,7,0,1,93,1464,1556,1.66e-27,134
fragment18:40481-40829,NR_075022.1,92.473,93,7,0,1,93,1471,1563,1.66e-27,134
fragment18:40481-40829,NR_075019.1,94.253,87,5,0,2,88,1475,1561,1.66e-27,134
fragment18:40481-40829,NR_104825.1,94.253,87,5,0,1,87,1412,1498,1.66e-27,134
fragment18:40481-40829,NR_043095.1,95.238,84,4,0,1,84,1471,1554,1.66e-27,134
fragment18:40481-40829,NR_041566.1,98.667,75,1,0,1,75,1445,1519,1.66e-27,134
fragment18:40481-40829,NR_042676.1,100.000,71,0,0,1,71,1462,1532,5.96e-27,132
fragment18:40481-40829,NR_119069.1,95.181,83,4,0,3,85,1487,1569,5.96e-27,132
fragment18:40481-40829,NR_074957.1,94.118,85,5,0,3,87,1465,1549,2.14e-26,130
fragment18:40481-40829,NR_044161.1,93.258,89,4,2,1,88,1417,1504,2.14e-26,130
fragment18:40481-40829,NR_158108.1,100.000,69,0,0,1,69,1471,1539,7.71e-26,128
fragment18:40481-40829,NR_121761.1,93.103,87,6,0,1,87,1458,1544,7.71e-26,128
fragment18:40481-40829,NR_027589.2,93.103,87,6,0,1,87,1397,1483,7.71e-26,128
fragment18:40481-40829,NR_175555.1,93.103,87,6,0,1,87,1469,1555,7.71e-26,128
fragment18:40481-40829,NR_026112.1,93.103,87,6,0,1,87,1417,1503,7.71e-26,128
fragment18:40481-40829,NR_157602.1,93.976,83,5,0,3,85,1469,1551,2.77e-25,126
fragment18:40481-40829,NR_181348.1,93.976,83,5,0,3,85,1486,1568,2.77e-25,126
fragment18:40481-40829,NR_181183.1,89.216,102,9,2,3,103,1193,1293,2.77e-25,126
fragment18:40481-40829,NR_113387.1,93.976,83,5,0,2,84,1474,1556,2.77e-25,126
fragment18:40481-40829,NR_113290.1,98.592,71,1,0,1,71,1483,1553,2.77e-25,126
fragment18:40481-40829,NR_116897.1,98.592,71,1,0,1,71,1466,1536,2.77e-25,126
fragment18:40481-40829,NR_114978.1,100.000,68,0,0,1,68,1486,1553,2.77e-25,126
fragment18:40481-40829,NR_157639.1,93.023,86,4,2,1,85,1428,1512,9.97e-25,124
fragment18:40481-40829,NR_181118.1,92.941,85,6,0,1,85,1465,1549,9.97e-25,124
fragment18:40481-40829,NR_180213.1,92.941,85,6,0,1,85,1468,1552,9.97e-25,124
fragment18:40481-40829,NR_179484.1,92.941,85,6,0,1,85,1464,1548,9.97e-25,124
fragment18:40481-40829,NR_178928.1,92.941,85,6,0,1,85,1466,1550,9.97e-25,124
fragment18:40481-40829,NR_136485.1,92.941,85,6,0,1,85,1462,1546,9.97e-25,124
fragment18:40481-40829,NR_175557.1,92.941,85,6,0,1,85,1420,1504,9.97e-25,124
fragment18:40481-40829,NR_175556.1,92.941,85,6,0,1,85,1419,1503,9.97e-25,124
fragment18:40481-40829,NR_036793.2,92.941,85,6,0,1,85,1468,1552,9.97e-25,124
fragment18:40481-40829,NR_074914.1,92.941,85,6,0,1,85,1460,1544,9.97e-25,124
fragment18:40481-40829,NR_074098.1,92.941,85,6,0,1,85,1464,1548,9.97e-25,124
fragment18:40481-40829,NR_170494.1,92.941,85,6,0,1,85,1492,1576,9.97e-25,124
fragment18:40481-40829,NR_108858.1,98.571,70,1,0,1,70,1464,1533,9.97e-25,124
fragment18:40481-40829,NR_117573.1,96.053,76,3,0,2,77,1454,1529,9.97e-25,124
fragment18:40921-42100,NR_076229.1,96.265,1071,40,0,90,1160,1,1071,0.0,1757
fragment18:40921-42100,NR_076440.1,86.685,1074,137,6,90,1160,1,1071,0.0,1186
fragment18:40921-42100,NR_103047.1,86.233,1075,140,8,90,1160,1,1071,0.0,1158
fragment18:40921-42100,NR_076934.1,86.059,1076,139,11,90,1160,1,1070,0.0,1146
fragment18:40921-42100,NR_103059.1,85.302,1075,147,9,90,1160,1,1068,0.0,1099
fragment18:40921-42100,NR_076439.1,84.958,1077,150,12,90,1160,1,1071,0.0,1081
fragment18:40921-42100,NR_076398.1,84.708,1079,152,12,88,1160,1,1072,0.0,1066
fragment18:40921-42100,NR_076901.1,84.410,1084,146,18,88,1160,2,1073,0.0,1044
fragment18:40921-42100,NR_076266.1,84.294,1076,160,9,90,1160,1,1072,0.0,1042
fragment18:40921-42100,NR_077005.1,84.230,1078,158,11,88,1160,1,1071,0.0,1038
fragment18:40921-42100,NR_076836.1,84.152,1079,157,13,88,1160,1,1071,0.0,1033
fragment18:40921-42100,NR_076509.1,83.826,1082,159,13,88,1160,1,1075,0.0,1014
fragment18:40921-42100,NR_121924.1,83.643,1076,159,12,90,1160,1,1064,0.0,996
fragment18:40921-42100,NR_103050.1,83.657,1083,149,21,90,1160,1,1067,0.0,994
fragment18:40921-42100,NR_076974.1,83.395,1078,162,12,88,1160,1,1066,0.0,983
fragment18:40921-42100,NR_122005.1,83.364,1088,149,24,87,1160,1,1070,0.0,977
fragment18:40921-42100,NR_076441.1,83.349,1087,149,24,88,1160,1,1069,0.0,976
fragment18:40921-42100,NR_103056.1,83.163,1075,166,10,90,1160,1,1064,0.0,968
fragment18:40921-42100,NR_102559.1,83.056,1080,168,14,90,1160,1,1074,0.0,966
fragment18:40921-42100,NR_076855.1,83.040,1079,167,15,90,1160,1,1071,0.0,965
fragment18:40921-42100,NR_076202.1,82.778,1080,165,18,88,1160,1,1066,0.0,944
fragment18:40921-42100,NR_076311.1,82.621,1076,172,14,88,1160,1,1064,0.0,937
fragment18:40921-42100,NR_076303.1,82.528,1076,173,14,88,1160,1,1064,0.0,931
fragment18:40921-42100,NR_103057.1,82.752,1061,166,14,90,1145,1,1049,0.0,929
fragment18:40921-42100,NR_103054.1,81.793,1082,174,17,88,1160,1,1068,0.0,885
fragment18:40921-42100,NR_076301.1,81.827,1084,170,23,90,1160,1,1070,0.0,885
fragment18:40921-42100,NR_076900.1,81.591,1081,177,16,88,1160,2,1068,0.0,874
fragment18:40921-42100,NR_076438.1,81.464,1079,178,15,90,1160,1,1065,0.0,865
fragment18:40921-42100,NR_103034.1,81.348,1083,182,18,88,1160,1,1073,0.0,863
fragment18:40921-42100,NR_103033.1,81.348,1083,182,18,88,1160,1,1073,0.0,863
fragment18:40921-42100,NR_076685.1,81.406,1081,179,16,88,1160,2,1068,0.0,863
fragment18:40921-42100,NR_076237.1,81.348,1083,182,18,88,1160,1,1073,0.0,863
fragment18:40921-42100,NR_103036.1,81.314,1081,182,18,90,1160,1,1071,0.0,859
fragment18:40921-42100,NR_077015.1,81.221,1081,182,15,88,1160,1,1068,0.0,852
fragment18:40921-42100,NR_076533.1,81.227,1092,167,32,88,1160,1,1073,0.0,846
fragment18:40921-42100,NR_076345.1,81.261,1094,164,30,88,1160,1,1074,0.0,846
fragment18:40921-42100,NR_103037.1,81.170,1094,164,31,88,1160,1,1073,0.0,841
fragment18:40921-42100,NR_076784.1,81.101,1090,172,29,88,1160,2,1074,0.0,841
fragment18:40921-42100,NR_076480.1,81.170,1094,165,31,88,1160,1,1074,0.0,841
fragment18:40921-42100,NR_103174.1,80.957,1087,173,25,88,1160,1,1067,0.0,830
fragment18:40921-42100,NR_076296.1,80.904,1084,177,23,88,1160,1,1065,0.0,828
fragment18:40921-42100,NR_076278.1,80.882,1088,174,30,90,1160,3,1073,0.0,826
fragment18:40921-42100,NR_077027.1,80.847,1086,176,23,88,1160,1,1067,0.0,824
fragment18:40921-42100,NR_076736.1,80.699,1088,180,24,88,1160,1,1073,0.0,819
fragment18:40921-42100,NR_076535.1,80.891,1078,172,29,102,1160,1,1063,0.0,819
fragment18:40921-42100,NR_076523.1,80.708,1073,179,23,102,1160,1,1059,0.0,809
fragment18:40921-42100,NR_076556.1,80.550,1090,174,32,89,1160,1,1070,0.0,804
fragment18:40921-42100,NR_076204.1,80.295,1086,188,22,88,1160,4,1076,0.0,797
fragment18:40921-42100,NR_102588.1,79.982,1084,191,22,90,1160,1,1071,0.0,776
fragment18:40921-42100,NR_076205.1,80.037,1072,188,22,102,1160,1,1059,0.0,771
fragment18:40921-42100,NR_121962.1,79.816,1085,195,21,88,1160,1,1073,0.0,769
fragment18:40921-42100,NR_103179.1,80.000,1095,174,40,88,1160,1,1072,0.0,767
fragment18:40921-42100,NR_076551.1,79.925,1071,191,21,102,1160,1,1059,0.0,765
fragment18:40921-42100,NR_076692.1,79.590,1073,194,23,100,1160,11,1070,0.0,745
fragment18:40921-42100,NR_103038.1,79.522,1089,186,27,90,1160,1,1070,0.0,741
fragment18:40921-42100,NR_076515.1,79.466,1086,191,27,90,1160,3,1071,0.0,741
fragment18:40921-42100,NR_076353.1,79.466,1086,191,27,90,1160,3,1071,0.0,741
fragment18:40921-42100,NR_076173.1,79.577,1087,181,35,88,1160,1,1060,0.0,739
fragment18:40921-42100,NR_076436.1,79.387,1077,198,19,90,1160,1,1059,0.0,737
fragment18:40921-42100,NR_077050.1,79.374,1086,193,26,90,1160,1,1070,0.0,736
fragment18:40921-42100,NR_076325.1,79.412,1088,188,27,90,1160,3,1071,0.0,736
fragment18:40921-42100,NR_076265.1,79.374,1086,192,27,90,1160,3,1071,0.0,736
fragment18:40921-42100,NR_103048.1,79.396,1092,185,35,82,1160,12,1076,0.0,734
fragment18:40921-42100,NR_103046.1,79.396,1092,186,34,82,1160,13,1078,0.0,734
fragment18:40921-42100,NR_076330.1,79.396,1092,185,34,89,1160,2,1073,0.0,734
fragment18:40921-42100,NR_076908.1,79.393,1087,185,34,87,1160,1,1061,0.0,730
fragment18:40921-42100,NR_076257.1,79.320,1088,189,30,90,1160,3,1071,0.0,730
fragment18:40921-42100,NR_076255.1,79.228,1088,196,28,88,1160,1,1073,0.0,730
fragment18:40921-42100,NR_076430.1,79.224,1083,194,28,88,1160,1,1062,0.0,725
fragment18:40921-42100,NR_076240.1,79.209,1087,189,33,90,1158,3,1070,0.0,721
fragment18:40921-42100,NR_103029.1,79.102,1091,193,33,88,1160,1,1074,0.0,719
fragment18:40921-42100,NR_076818.1,79.174,1090,187,36,90,1159,1,1070,0.0,719
fragment18:40921-42100,NR_076707.1,79.078,1085,197,25,90,1160,1,1069,0.0,719
fragment18:40921-42100,NR_103083.1,79.093,1081,197,26,88,1160,1,1060,0.0,717
fragment18:40921-42100,NR_076572.1,79.065,1070,203,20,102,1160,1,1060,0.0,715
fragment18:40921-42100,NR_121950.1,79.038,1102,186,36,87,1160,7,1091,0.0,713
fragment18:40921-42100,NR_121938.1,78.986,1085,198,26,90,1160,1,1069,0.0,713
fragment18:40921-42100,NR_103127.1,79.063,1089,191,31,90,1160,3,1072,0.0,713
fragment18:40921-42100,NR_102581.1,79.006,1086,196,27,90,1160,3,1071,0.0,713
fragment18:40921-42100,NR_077006.1,79.055,1079,179,32,100,1160,1,1050,0.0,697
fragment18:40921-42100,NR_076514.1,78.723,1081,201,26,88,1160,1,1060,0.0,695
fragment18:40921-42100,NR_103044.1,78.519,1080,212,19,90,1158,1,1071,0.0,691
fragment18:40921-42100,NR_103983.1,78.598,1084,198,29,87,1160,1,1060,0.0,686
fragment18:40921-42100,NR_076927.1,78.433,1085,211,22,87,1158,1,1075,0.0,686
fragment18:40921-42100,NR_103962.1,78.413,1084,210,23,88,1158,1,1073,0.0,684
fragment18:40921-42100,NR_076930.1,78.545,1086,193,33,88,1160,1,1059,0.0,678
fragment18:40921-42100,NR_076298.1,78.341,1085,210,24,89,1160,2,1074,0.0,678
fragment18:40921-42100,NR_076437.1,78.643,1091,181,38,88,1160,1,1057,0.0,676
fragment18:40921-42100,NR_103085.1,78.413,1084,198,31,88,1160,1,1059,0.0,673
fragment18:40921-42100,NR_077019.1,78.413,1084,199,29,88,1160,1,1060,0.0,673
fragment18:40921-42100,NR_103084.1,78.393,1083,196,32,90,1160,1,1057,0.0,669
fragment18:40921-42100,NR_076642.1,78.245,1071,213,16,100,1160,11,1071,0.0,669
fragment18:40921-42100,NR_076321.1,78.205,1092,200,34,88,1160,1,1073,0.0,664
fragment18:40921-42100,NR_076478.1,78.517,1052,194,27,88,1123,1,1036,0.0,662
fragment18:40921-42100,NR_076334.1,78.443,1053,200,24,88,1125,1,1041,0.0,662
fragment18:40921-42100,NR_121935.1,78.209,1083,198,33,90,1160,1,1057,0.0,658
fragment18:40921-42100,NR_076931.1,78.482,1041,197,24,100,1125,11,1039,0.0,656
fragment18:40921-42100,NR_076355.1,78.137,1084,202,24,88,1160,1,1060,0.0,656
fragment18:40921-42100,NR_103990.1,78.137,1084,197,34,90,1160,1,1057,0.0,652
fragment18:40921-42100,NR_076854.1,78.119,1074,196,31,100,1160,2,1049,0.0,645
fragment18:42339-42632,NR_076229.1,94.406,286,16,0,3,288,1309,1594,7.19e-120,440
fragment18:42339-42632,NR_076934.1,86.063,287,39,1,3,288,1309,1595,7.61e-80,307
fragment18:42339-42632,NR_076440.1,85.121,289,38,4,3,288,1310,1596,7.67e-75,291
fragment18:42339-42632,NR_122005.1,81.164,292,44,10,3,288,1308,1594,7.89e-55,224
fragment18:42339-42632,NR_103050.1,81.034,290,48,5,3,288,1305,1591,7.89e-55,224
fragment18:42339-42632,NR_076441.1,81.164,292,44,10,3,288,1307,1593,7.89e-55,224
fragment18:43122-43464,NR_076229.1,91.716,338,28,0,1,338,2077,2414,1.10e-128,470
fragment18:43122-43464,NR_122005.1,88.757,338,38,0,1,338,2077,2414,5.22e-112,414
fragment18:43122-43464,NR_076441.1,88.757,338,38,0,1,338,2076,2413,5.22e-112,414
fragment18:43122-43464,NR_076266.1,88.166,338,40,0,1,338,2079,2416,1.13e-108,403
fragment18:43122-43464,NR_103050.1,87.870,338,41,0,1,338,2074,2411,5.25e-107,398
fragment18:43122-43464,NR_076934.1,87.870,338,41,0,1,338,2078,2415,5.25e-107,398
fragment18:43122-43464,NR_076440.1,87.870,338,41,0,1,338,2079,2416,5.25e-107,398
fragment18:43122-43464,NR_076439.1,87.353,340,39,4,1,338,2075,2412,1.14e-103,387
fragment18:43122-43464,NR_121924.1,86.982,338,44,0,1,338,2071,2408,5.29e-102,381
fragment18:43122-43464,NR_103047.1,87.021,339,42,2,1,338,2077,2414,5.29e-102,381
fragment18:43122-43464,NR_076202.1,87.059,340,40,4,1,338,2071,2408,5.29e-102,381
fragment18:43122-43464,NR_103056.1,86.686,338,45,0,1,338,2071,2408,2.46e-100,375
fragment18:43122-43464,NR_102559.1,86.471,340,42,4,1,338,2081,2418,1.15e-98,370
fragment18:43122-43464,NR_076974.1,86.391,338,46,0,1,338,2072,2409,1.15e-98,370
fragment18:43122-43464,NR_077005.1,86.095,338,47,0,1,338,2077,2414,5.33e-97,364
fragment18:43122-43464,NR_076509.1,86.136,339,45,2,1,338,2080,2417,5.33e-97,364
fragment18:43122-43464,NR_076398.1,86.095,338,47,0,1,338,2075,2412,5.33e-97,364
fragment18:43122-43464,NR_077050.1,85.882,340,44,4,1,338,2074,2411,2.48e-95,359
fragment18:43122-43464,NR_076855.1,85.799,338,48,0,1,338,2078,2415,2.48e-95,359
fragment18:43122-43464,NR_103059.1,85.503,338,49,0,1,338,2070,2407,1.15e-93,353
fragment18:43122-43464,NR_121950.1,84.956,339,49,2,1,338,2110,2447,2.50e-90,342
fragment18:43122-43464,NR_103179.1,84.956,339,49,2,1,338,2092,2429,2.50e-90,342
fragment18:43122-43464,NR_076736.1,84.956,339,49,2,1,338,2095,2432,2.50e-90,342
fragment18:43122-43464,NR_103037.1,84.661,339,50,2,1,338,2087,2424,1.16e-88,337
fragment18:43122-43464,NR_076784.1,84.661,339,50,2,1,338,2088,2425,1.16e-88,337
fragment18:43122-43464,NR_076480.1,84.661,339,50,2,1,338,2089,2426,1.16e-88,337
fragment18:43122-43464,NR_076345.1,84.661,339,50,2,1,338,2089,2426,1.16e-88,337
fragment18:43122-43464,NR_103057.1,84.024,338,54,0,1,338,2071,2408,2.51e-85,326
fragment18:43122-43464,NR_076818.1,84.118,340,50,4,1,338,2090,2427,2.51e-85,326
fragment18:43122-43464,NR_076321.1,84.118,340,50,4,1,338,2097,2434,2.51e-85,326
fragment18:43122-43464,NR_076841.1,83.824,340,51,4,1,338,2064,2401,1.17e-83,320
fragment18:43122-43464,NR_076311.1,83.824,340,52,3,1,338,2062,2400,1.17e-83,320
fragment18:43122-43464,NR_076303.1,83.824,340,52,3,1,338,2062,2400,1.17e-83,320
fragment18:43122-43464,NR_076255.1,84.012,344,43,11,1,338,2096,2433,1.17e-83,320
fragment18:43122-43464,NR_076692.1,83.529,340,52,4,1,338,2093,2430,5.44e-82,315
fragment18:43122-43464,NR_076478.1,83.481,339,54,2,1,338,2089,2426,5.44e-82,315
fragment18:43122-43464,NR_103029.1,83.235,340,53,4,1,338,2098,2435,2.53e-80,309
fragment18:43122-43464,NR_076330.1,83.235,340,53,4,1,338,2080,2417,2.53e-80,309
fragment18:43122-43464,NR_103034.1,83.090,343,48,9,1,338,2092,2429,1.18e-78,303
fragment18:43122-43464,NR_103033.1,83.090,343,48,9,1,338,2091,2428,1.18e-78,303
fragment18:43122-43464,NR_076334.1,82.891,339,56,2,1,338,2088,2425,1.18e-78,303
fragment18:43122-43464,NR_076237.1,83.090,343,48,9,1,338,2091,2428,1.18e-78,303
fragment18:43122-43464,NR_103036.1,82.799,343,49,9,1,338,2089,2426,5.48e-77,298
fragment18:43122-43464,NR_076931.1,82.596,339,57,2,1,338,2086,2423,5.48e-77,298
fragment18:43122-43464,NR_076265.1,82.596,339,57,2,1,338,2085,2422,5.48e-77,298
fragment18:43122-43464,NR_121962.1,82.405,341,54,5,1,338,2081,2418,2.55e-75,292
fragment18:43122-43464,NR_102588.1,82.405,341,54,5,1,338,2079,2416,2.55e-75,292
fragment18:43122-43464,NR_076551.1,82.405,341,54,5,1,338,2067,2404,2.55e-75,292
fragment18:43122-43464,NR_076204.1,82.405,341,54,5,1,338,2084,2421,2.55e-75,292
fragment18:43122-43464,NR_103038.1,82.006,339,59,2,1,338,2086,2423,1.19e-73,287
fragment18:43122-43464,NR_076298.1,82.164,342,53,8,1,338,2084,2421,1.19e-73,287
fragment18:43122-43464,NR_076205.1,82.111,341,55,5,1,338,2067,2404,1.19e-73,287
fragment18:43122-43464,NR_077048.1,81.765,340,58,4,1,338,2058,2395,5.52e-72,281
fragment18:43122-43464,NR_077024.1,81.818,341,56,6,1,338,2055,2392,5.52e-72,281
fragment18:43122-43464,NR_076523.1,81.818,341,56,5,1,338,2067,2404,5.52e-72,281
fragment18:43122-43464,NR_076296.1,81.657,338,62,0,1,338,2071,2408,5.52e-72,281
fragment18:43122-43464,NR_076437.1,81.657,338,60,2,1,337,2067,2403,1.99e-71,279
fragment18:43122-43464,NR_121929.1,81.579,342,55,8,1,338,2056,2393,2.57e-70,276
fragment18:43122-43464,NR_103086.1,81.686,344,51,10,1,338,2089,2426,2.57e-70,276
fragment18:43122-43464,NR_103084.1,81.525,341,57,6,1,338,2057,2394,2.57e-70,276
fragment18:43122-43464,NR_103082.1,81.525,341,57,6,1,338,2059,2396,2.57e-70,276
fragment18:43122-43464,NR_076556.1,81.471,340,59,4,1,338,2083,2420,2.57e-70,276
fragment18:43122-43464,NR_076930.1,81.232,341,58,5,1,338,2058,2395,1.19e-68,270
fragment18:43122-43464,NR_076252.1,81.232,341,58,6,1,338,2059,2396,1.19e-68,270
fragment18:43122-43464,NR_103990.1,80.938,341,59,6,1,338,2059,2396,5.56e-67,265
fragment18:43122-43464,NR_103983.1,80.882,340,61,4,1,338,2058,2395,5.56e-67,265
fragment18:43122-43464,NR_103088.1,80.994,342,57,8,1,338,2055,2392,5.56e-67,265
fragment18:43122-43464,NR_076210.1,80.769,338,63,2,1,337,2064,2400,2.00e-66,263
fragment18:43122-43464,NR_121936.1,80.531,339,64,2,1,338,2058,2395,2.59e-65,259
fragment18:43122-43464,NR_103137.1,80.588,340,62,4,1,338,2064,2401,2.59e-65,259
fragment18:43122-43464,NR_103074.1,80.702,342,58,8,1,338,2061,2398,2.59e-65,259
fragment18:43122-43464,NR_103048.1,80.531,339,64,2,1,338,2076,2413,2.59e-65,259
fragment18:43122-43464,NR_103046.1,80.531,339,64,2,1,338,2078,2415,2.59e-65,259
fragment18:43122-43464,NR_102564.1,80.758,343,56,10,1,338,2119,2456,2.59e-65,259
fragment18:43122-43464,NR_076973.1,80.702,342,58,8,1,338,2056,2393,2.59e-65,259
fragment18:43122-43464,NR_076514.1,80.588,340,62,4,1,338,2059,2396,2.59e-65,259
fragment18:43122-43464,NR_076430.1,80.702,342,58,7,1,338,2061,2398,2.59e-65,259
fragment18:43122-43464,NR_103085.1,80.409,342,59,8,1,338,2062,2399,1.20e-63,254
fragment18:43122-43464,NR_077019.1,80.352,341,61,6,1,338,2062,2399,1.20e-63,254
fragment18:43122-43464,NR_076908.1,80.294,340,63,4,1,338,2061,2398,1.20e-63,254
fragment18:43122-43464,NR_122011.1,80.117,342,60,8,1,338,2095,2432,5.60e-62,248
fragment18:43122-43464,NR_121930.1,80.059,341,62,6,1,338,2146,2483,5.60e-62,248
fragment18:43122-43464,NR_103083.1,80.059,341,62,5,1,338,2059,2396,5.60e-62,248
fragment18:43122-43464,NR_103052.1,80.059,341,62,6,1,338,2074,2411,5.60e-62,248
fragment18:43122-43464,NR_076747.1,80.117,342,60,8,1,338,2320,2657,5.60e-62,248
fragment18:43122-43464,NR_076188.1,80.233,344,56,11,1,338,2057,2394,5.60e-62,248
fragment18:43122-43464,NR_076173.1,79.941,339,66,2,1,338,2060,2397,5.60e-62,248
fragment18:43122-43464,NR_076167.1,80.117,342,61,7,1,338,2061,2399,5.60e-62,248
fragment18:43122-43464,NR_121935.1,79.765,341,63,5,1,338,2057,2394,2.60e-60,243
fragment18:43122-43464,NR_103039.1,79.825,342,61,8,1,338,2095,2432,2.60e-60,243
fragment18:43122-43464,NR_076642.1,79.706,340,65,4,1,338,2071,2408,2.60e-60,243
fragment18:43122-43464,NR_076585.1,79.825,342,61,8,1,338,2127,2464,2.60e-60,243
fragment18:43122-43464,NR_076854.1,79.883,343,57,9,1,337,2058,2394,9.37e-60,241
fragment18:43122-43464,NR_076802.1,79.883,343,57,9,1,337,2058,2394,9.37e-60,241
fragment18:43122-43464,NR_103962.1,79.592,343,60,10,1,338,2095,2432,1.21e-58,237
fragment18:43122-43464,NR_103044.1,79.009,343,62,10,1,338,2091,2428,2.62e-55,226
fragment18:43122-43464,NR_102566.1,79.009,343,63,9,1,338,2226,2564,2.62e-55,226
fragment18:43122-43464,NR_076979.1,79.070,344,61,11,1,338,2068,2406,2.62e-55,226
fragment18:43122-43464,NR_076959.1,79.070,344,61,11,1,338,2211,2549,2.62e-55,226
fragment18:43122-43464,NR_076928.1,79.070,344,61,10,1,338,2067,2405,2.62e-55,226
fragment18:43536-43582,NR_076092.2,100.000,45,0,0,1,45,2716,2760,8.23e-14,84.2
fragment18:43536-43582,NR_076129.2,100.000,45,0,0,1,45,2463,2507,8.23e-14,84.2
fragment18:43536-43582,NR_102990.2,100.000,45,0,0,1,45,2848,2892,8.23e-14,84.2
fragment18:43536-43582,NR_102993.2,100.000,45,0,0,1,45,2583,2627,8.23e-14,84.2
fragment18:43536-43582,NR_102994.2,100.000,45,0,0,1,45,2571,2615,8.23e-14,84.2
fragment18:43536-43582,NR_103200.2,100.000,45,0,0,1,45,2534,2578,8.23e-14,84.2
fragment18:43536-43582,NR_102992.2,100.000,45,0,0,1,45,2663,2707,8.23e-14,84.2
fragment18:43536-43582,NR_122011.1,100.000,45,0,0,1,45,2504,2548,8.23e-14,84.2
fragment18:43536-43582,NR_122005.1,100.000,45,0,0,1,45,2486,2530,8.23e-14,84.2
fragment18:43536-43582,NR_122001.1,100.000,45,0,0,1,45,2329,2373,8.23e-14,84.2
fragment18:43536-43582,NR_121998.1,100.000,45,0,0,1,45,2483,2527,8.23e-14,84.2
fragment18:43536-43582,NR_121975.1,100.000,45,0,0,1,45,2320,2364,8.23e-14,84.2
fragment18:43536-43582,NR_121962.1,100.000,45,0,0,1,45,2490,2534,8.23e-14,84.2
fragment18:43536-43582,NR_121950.1,100.000,45,0,0,1,45,2519,2563,8.23e-14,84.2
fragment18:43536-43582,NR_121932.1,100.000,45,0,0,1,45,2353,2397,8.23e-14,84.2
fragment18:43536-43582,NR_121930.1,100.000,45,0,0,1,45,2555,2599,8.23e-14,84.2
fragment18:43536-43582,NR_121927.1,100.000,45,0,0,1,45,2474,2518,8.23e-14,84.2
fragment18:43536-43582,NR_121924.1,100.000,45,0,0,1,45,2480,2524,8.23e-14,84.2
fragment18:43536-43582,NR_103979.1,100.000,45,0,0,1,45,2512,2556,8.23e-14,84.2
fragment18:43536-43582,NR_103962.1,100.000,45,0,0,1,45,2504,2548,8.23e-14,84.2
fragment18:43536-43582,NR_103198.1,100.000,45,0,0,1,45,2593,2637,8.23e-14,84.2
fragment18:43536-43582,NR_103179.1,100.000,45,0,0,1,45,2501,2545,8.23e-14,84.2
fragment18:43536-43582,NR_103174.1,100.000,45,0,0,1,45,2485,2529,8.23e-14,84.2
fragment18:43536-43582,NR_103144.1,100.000,45,0,0,1,45,2322,2366,8.23e-14,84.2
fragment18:43536-43582,NR_103129.1,100.000,45,0,0,1,45,2396,2440,8.23e-14,84.2
fragment18:43536-43582,NR_103128.1,100.000,45,0,0,1,45,2398,2442,8.23e-14,84.2
fragment18:43536-43582,NR_103115.1,100.000,45,0,0,1,45,2445,2489,8.23e-14,84.2
fragment18:43536-43582,NR_103077.1,100.000,45,0,0,1,45,2471,2515,8.23e-14,84.2
fragment18:43536-43582,NR_103059.1,100.000,45,0,0,1,45,2479,2523,8.23e-14,84.2
fragment18:43536-43582,NR_103057.1,100.000,45,0,0,1,45,2480,2524,8.23e-14,84.2
fragment18:43536-43582,NR_103056.1,100.000,45,0,0,1,45,2480,2524,8.23e-14,84.2
fragment18:43536-43582,NR_103055.1,100.000,45,0,0,1,45,2483,2527,8.23e-14,84.2
fragment18:43536-43582,NR_103054.1,100.000,45,0,0,1,45,2483,2527,8.23e-14,84.2
fragment18:43536-43582,NR_103052.1,100.000,45,0,0,1,45,2483,2527,8.23e-14,84.2
fragment18:43536-43582,NR_103051.1,100.000,45,0,0,1,45,2488,2532,8.23e-14,84.2
fragment18:43536-43582,NR_103050.1,100.000,45,0,0,1,45,2483,2527,8.23e-14,84.2
fragment18:43536-43582,NR_103047.1,100.000,45,0,0,1,45,2486,2530,8.23e-14,84.2
fragment18:43536-43582,NR_103044.1,100.000,45,0,0,1,45,2500,2544,8.23e-14,84.2
fragment18:43536-43582,NR_103039.1,100.000,45,0,0,1,45,2504,2548,8.23e-14,84.2
fragment18:43536-43582,NR_103038.1,100.000,45,0,0,1,45,2495,2539,8.23e-14,84.2
fragment18:43536-43582,NR_103037.1,100.000,45,0,0,1,45,2496,2540,8.23e-14,84.2
fragment18:43536-43582,NR_103036.1,100.000,45,0,0,1,45,2498,2542,8.23e-14,84.2
fragment18:43536-43582,NR_103034.1,100.000,45,0,0,1,45,2501,2545,8.23e-14,84.2
fragment18:43536-43582,NR_103033.1,100.000,45,0,0,1,45,2500,2544,8.23e-14,84.2
fragment18:43536-43582,NR_103029.1,100.000,45,0,0,1,45,2507,2551,8.23e-14,84.2
fragment18:43536-43582,NR_102595.1,100.000,45,0,0,1,45,2485,2529,8.23e-14,84.2
fragment18:43536-43582,NR_102588.1,100.000,45,0,0,1,45,2488,2532,8.23e-14,84.2
fragment18:43536-43582,NR_102564.1,100.000,45,0,0,1,45,2528,2572,8.23e-14,84.2
fragment18:43536-43582,NR_102559.1,100.000,45,0,0,1,45,2490,2534,8.23e-14,84.2
fragment18:43536-43582,NR_102552.1,100.000,45,0,0,1,45,2470,2514,8.23e-14,84.2
fragment18:43536-43582,NR_102546.1,100.000,45,0,0,1,45,2455,2499,8.23e-14,84.2
fragment18:43536-43582,NR_102545.1,100.000,45,0,0,1,45,2456,2500,8.23e-14,84.2
fragment18:43536-43582,NR_102542.1,100.000,45,0,0,1,45,2453,2497,8.23e-14,84.2
fragment18:43536-43582,NR_102537.1,100.000,45,0,0,1,45,2446,2490,8.23e-14,84.2
fragment18:43536-43582,NR_102531.1,100.000,45,0,0,1,45,2393,2437,8.23e-14,84.2
fragment18:43536-43582,NR_102530.1,100.000,45,0,0,1,45,2394,2438,8.23e-14,84.2
fragment18:43536-43582,NR_102526.1,100.000,45,0,0,1,45,2384,2428,8.23e-14,84.2
fragment18:43536-43582,NR_077050.1,100.000,45,0,0,1,45,2483,2527,8.23e-14,84.2
fragment18:43536-43582,NR_077027.1,100.000,45,0,0,1,45,2484,2528,8.23e-14,84.2
fragment18:43536-43582,NR_077015.1,100.000,45,0,0,1,45,2481,2525,8.23e-14,84.2
fragment18:43536-43582,NR_077005.1,100.000,45,0,0,1,45,2486,2530,8.23e-14,84.2
fragment18:43536-43582,NR_076984.1,100.000,45,0,0,1,45,2559,2603,8.23e-14,84.2
fragment18:43536-43582,NR_076974.1,100.000,45,0,0,1,45,2481,2525,8.23e-14,84.2
fragment18:43536-43582,NR_076953.1,100.000,45,0,0,1,45,2501,2545,8.23e-14,84.2
fragment18:43536-43582,NR_076931.1,100.000,45,0,0,1,45,2495,2539,8.23e-14,84.2
fragment18:43536-43582,NR_076927.1,100.000,45,0,0,1,45,2509,2553,8.23e-14,84.2
fragment18:43536-43582,NR_076924.1,100.000,45,0,0,1,45,2483,2527,8.23e-14,84.2
fragment18:43536-43582,NR_076915.1,100.000,45,0,0,1,45,2451,2495,8.23e-14,84.2
fragment18:43536-43582,NR_076914.1,100.000,45,0,0,1,45,2431,2475,8.23e-14,84.2
fragment18:43536-43582,NR_076901.1,100.000,45,0,0,1,45,2486,2530,8.23e-14,84.2
fragment18:43536-43582,NR_076900.1,100.000,45,0,0,1,45,2485,2529,8.23e-14,84.2
fragment18:43536-43582,NR_076887.1,100.000,45,0,0,1,45,2507,2551,8.23e-14,84.2
fragment18:43536-43582,NR_076882.1,100.000,45,0,0,1,45,2505,2549,8.23e-14,84.2
fragment18:43536-43582,NR_076880.1,100.000,45,0,0,1,45,2529,2573,8.23e-14,84.2
fragment18:43536-43582,NR_076876.1,100.000,45,0,0,1,45,2572,2616,8.23e-14,84.2
fragment18:43536-43582,NR_076855.1,100.000,45,0,0,1,45,2487,2531,8.23e-14,84.2
fragment18:43536-43582,NR_076823.1,100.000,45,0,0,1,45,2478,2522,8.23e-14,84.2
fragment18:43536-43582,NR_076822.1,100.000,45,0,0,1,45,2404,2448,8.23e-14,84.2
fragment18:43536-43582,NR_076821.1,100.000,45,0,0,1,45,2397,2441,8.23e-14,84.2
fragment18:43536-43582,NR_076818.1,100.000,45,0,0,1,45,2499,2543,8.23e-14,84.2
fragment18:43536-43582,NR_076817.1,100.000,45,0,0,1,45,2472,2516,8.23e-14,84.2
fragment18:43536-43582,NR_076814.1,100.000,45,0,0,1,45,2501,2545,8.23e-14,84.2
fragment18:43536-43582,NR_076803.1,100.000,45,0,0,1,45,2556,2600,8.23e-14,84.2
fragment18:43536-43582,NR_076793.1,100.000,45,0,0,1,45,2432,2476,8.23e-14,84.2
fragment18:43536-43582,NR_076784.1,100.000,45,0,0,1,45,2497,2541,8.23e-14,84.2
fragment18:43536-43582,NR_076772.1,100.000,45,0,0,1,45,2533,2577,8.23e-14,84.2
fragment18:43536-43582,NR_076758.1,100.000,45,0,0,1,45,2393,2437,8.23e-14,84.2
fragment18:43536-43582,NR_076748.1,100.000,45,0,0,1,45,2540,2584,8.23e-14,84.2
fragment18:43536-43582,NR_076747.1,100.000,45,0,0,1,45,2729,2773,8.23e-14,84.2
fragment18:43536-43582,NR_076744.1,100.000,45,0,0,1,45,2525,2569,8.23e-14,84.2
fragment18:43536-43582,NR_076736.1,100.000,45,0,0,1,45,2504,2548,8.23e-14,84.2
fragment18:43536-43582,NR_076725.1,100.000,45,0,0,1,45,2621,2665,8.23e-14,84.2
fragment18:43536-43582,NR_076692.1,100.000,45,0,0,1,45,2502,2546,8.23e-14,84.2
fragment18:43536-43582,NR_076685.1,100.000,45,0,0,1,45,2485,2529,8.23e-14,84.2
fragment18:43536-43582,NR_076642.1,100.000,45,0,0,1,45,2480,2524,8.23e-14,84.2
fragment18:43536-43582,NR_076605.1,100.000,45,0,0,1,45,2320,2364,8.23e-14,84.2
fragment18:43536-43582,NR_076575.1,100.000,45,0,0,1,45,2457,2501,8.23e-14,84.2
fragment18:43536-43582,NR_076572.1,100.000,45,0,0,1,45,2469,2513,8.23e-14,84.2
fragment18:43536-43582,NR_076558.1,100.000,45,0,0,1,45,2487,2531,8.23e-14,84.2
fragment18:43536-43582,NR_076556.1,100.000,45,0,0,1,45,2492,2536,8.23e-14,84.2
fragment18:43654-45204,NR_076229.1,94.044,319,19,0,1,319,2602,2920,1.91e-132,484
fragment18:43654-45204,NR_077005.1,88.994,318,35,0,1,318,2602,2919,3.31e-105,394
fragment18:43654-45204,NR_076439.1,88.715,319,36,0,1,319,2600,2918,4.29e-104,390
fragment18:43654-45204,NR_076934.1,88.715,319,35,1,1,318,2603,2921,1.54e-103,388
fragment18:43654-45204,NR_076440.1,87.500,320,39,1,1,319,2604,2923,2.01e-97,368
fragment18:43654-45204,NR_103050.1,87.421,318,40,0,1,318,2599,2916,7.23e-97,366
fragment18:43654-45204,NR_122005.1,87.147,319,41,0,1,319,2602,2920,9.35e-96,363
fragment18:43654-45204,NR_076441.1,87.107,318,41,0,1,318,2601,2918,3.36e-95,361
fragment18:43654-45204,NR_076436.1,86.520,319,40,2,1,319,2573,2888,2.62e-91,348
fragment18:43654-45204,NR_076278.1,80.818,318,57,4,1,318,2612,2925,9.82e-61,246
fragment18:43654-45204,NR_121938.1,80.189,318,59,4,1,318,2607,2920,2.13e-57,235
fragment18:43654-45204,NR_102581.1,80.189,318,59,4,1,318,2609,2922,2.13e-57,235
fragment18:43654-45204,NR_076513.1,79.937,319,61,3,1,318,2618,2934,2.75e-56,231
fragment18:43654-45204,NR_103127.1,80.062,321,54,8,1,318,2608,2921,9.89e-56,230
fragment18:43654-45204,NR_076707.1,79.874,318,60,4,1,318,2607,2920,9.89e-56,230
fragment18:43654-45204,NR_076257.1,79.874,318,60,4,1,318,2609,2922,9.89e-56,230
fragment18:43654-45204,NR_076353.1,79.560,318,61,4,1,318,2609,2922,4.60e-54,224
fragment18:43654-45204,NR_076515.1,79.245,318,62,4,1,318,2610,2923,2.14e-52,219
fragment18:43654-45204,NR_076325.1,79.245,318,62,4,1,318,2610,2923,2.14e-52,219
fragment18:43654-45204,NR_076265.1,79.439,321,56,8,1,318,2610,2923,2.14e-52,219
fragment18:43654-45204,NR_076240.1,86.441,177,24,0,1,177,2612,2788,3.61e-45,195
fragment18:43654-45204,NR_076396.1,85.311,177,26,0,1,177,2444,2620,7.81e-42,183
fragment18:43654-45204,NR_075186.1,94.118,119,7,0,390,508,1,119,2.81e-41,182
fragment18:43654-45204,NR_103994.1,82.584,178,30,1,1,177,2523,2700,1.70e-33,156
fragment18:43654-45204,NR_075264.1,83.333,114,18,1,390,503,1,113,6.26e-18,104


