lcl|ORF636_1:77833:76562,WP_220224798.1,100.000,420,0,0,4,423,1,420,0.0,877,100.00
lcl|ORF636_1:77833:76562,WP_013355194.1,100.000,420,0,0,4,423,1,420,0.0,876,100.00
lcl|ORF636_1:77833:76562,WP_220224793.1,100.000,420,0,0,4,423,1,420,0.0,876,100.00
lcl|ORF636_1:77833:76562,WP_100139989.1,99.762,420,1,0,4,423,1,420,0.0,875,100.00
lcl|ORF636_1:77833:76562,WP_003644595.1,99.762,420,1,0,4,423,1,420,0.0,875,100.00
lcl|ORF636_1:77833:76562,WP_068874389.1,99.762,420,1,0,4,423,1,420,0.0,875,100.00
lcl|ORF636_1:77833:76562,WP_220224746.1,100.000,420,0,0,4,423,1,420,0.0,875,100.00
lcl|ORF636_1:77833:76562,WP_089178283.1,99.762,420,1,0,4,423,1,420,0.0,874,100.00
lcl|ORF636_1:77833:76562,WP_248559073.1,99.762,420,1,0,4,423,1,420,0.0,874,99.76
lcl|ORF636_1:77833:76562,WP_013355541.1,99.762,420,1,0,4,423,1,420,0.0,874,99.76
lcl|ORF636_1:77833:76562,WP_128729231.1,99.762,420,1,0,4,423,1,420,0.0,874,99.76
lcl|ORF636_1:77833:76562,WP_068874475.1,99.762,420,1,0,4,423,1,420,0.0,874,99.76
lcl|ORF636_1:77833:76562,WP_176044976.1,99.524,420,2,0,4,423,1,420,0.0,874,100.00
lcl|ORF636_1:77833:76562,WP_112297289.1,99.762,420,1,0,4,423,1,420,0.0,874,99.76
lcl|ORF636_1:77833:76562,WP_157262977.1,99.762,420,1,0,4,423,1,420,0.0,874,99.76
lcl|ORF636_1:77833:76562,WP_072535027.1,99.762,420,1,0,4,423,1,420,0.0,874,100.00
lcl|ORF636_1:77833:76562,WP_248577716.1,99.762,420,1,0,4,423,1,420,0.0,874,99.76
lcl|ORF636_1:77833:76562,WP_243502307.1,99.762,420,1,0,4,423,1,420,0.0,873,99.76
lcl|ORF636_1:77833:76562,WP_053566417.1,99.762,420,1,0,4,423,1,420,0.0,873,99.76
lcl|ORF636_1:77833:76562,WP_058011756.1,99.762,420,1,0,4,423,1,420,0.0,873,99.76
lcl|ORF636_1:77833:76562,WP_243502314.1,99.762,420,1,0,4,423,1,420,0.0,873,99.76
lcl|ORF636_1:77833:76562,WP_210697396.1,99.524,420,2,0,4,423,1,420,0.0,873,100.00
lcl|ORF636_1:77833:76562,WP_063489767.1,99.524,420,2,0,4,423,1,420,0.0,873,100.00
lcl|ORF636_1:77833:76562,WP_108909867.1,99.524,420,2,0,4,423,1,420,0.0,873,99.76
lcl|ORF636_1:77833:76562,WP_196241635.1,99.524,420,2,0,4,423,1,420,0.0,873,100.00
lcl|ORF636_1:77833:76562,WP_063096787.1,99.762,420,1,0,4,423,1,420,0.0,873,99.76
lcl|ORF636_1:77833:76562,WP_064971862.1,99.524,420,2,0,4,423,1,420,0.0,872,99.76
lcl|ORF636_1:77833:76562,WP_104880246.1,99.524,420,2,0,4,423,1,420,0.0,872,99.76
lcl|ORF636_1:77833:76562,WP_003640831.1,99.524,420,2,0,4,423,1,420,0.0,872,99.76
lcl|ORF636_1:77833:76562,WP_013355162.1,99.762,420,1,0,4,423,1,420,0.0,872,99.76
lcl|ORF636_1:77833:76562,WP_128729426.1,99.762,420,1,0,4,423,1,420,0.0,872,99.76
lcl|ORF636_1:77833:76562,WP_252702044.1,99.524,420,2,0,4,423,1,420,0.0,872,99.76
lcl|ORF636_1:77833:76562,WP_094339253.1,99.524,420,2,0,4,423,1,420,0.0,872,99.76
lcl|ORF636_1:77833:76562,WP_046947467.1,99.524,420,2,0,4,423,1,420,0.0,872,99.76
lcl|ORF636_1:77833:76562,WP_054598411.1,99.524,420,2,0,4,423,1,420,0.0,872,99.76
lcl|ORF636_1:77833:76562,OAX72926.1,99.524,420,2,0,4,423,1,420,0.0,871,99.52
lcl|ORF636_1:77833:76562,WP_102170873.1,99.762,420,1,0,4,423,1,420,0.0,871,99.76
lcl|ORF636_1:77833:76562,WP_243502318.1,99.524,420,2,0,4,423,1,420,0.0,871,99.52
lcl|ORF636_1:77833:76562,WP_069302558.1,99.524,420,2,0,4,423,1,420,0.0,871,99.52
lcl|ORF636_1:77833:76562,WP_249261713.1,99.524,420,2,0,4,423,1,420,0.0,870,99.76
lcl|ORF636_1:77833:76562,WP_063723174.1,99.286,420,3,0,4,423,1,420,0.0,870,99.52
lcl|ORF636_1:77833:76562,WP_063723987.1,99.524,420,2,0,4,423,1,420,0.0,870,99.52
lcl|ORF636_1:77833:76562,WP_180818982.1,99.286,420,3,0,4,423,1,420,0.0,870,99.29
lcl|ORF636_1:77833:76562,WP_024971866.1,99.286,420,3,0,4,423,1,420,0.0,869,99.52
lcl|ORF636_1:77833:76562,WP_157262969.1,99.286,420,3,0,4,423,1,420,0.0,869,99.52
lcl|ORF636_1:77833:76562,WP_264993497.1,99.286,420,3,0,4,423,1,420,0.0,869,99.52
lcl|ORF636_1:77833:76562,WP_064775444.1,99.286,420,3,0,4,423,1,420,0.0,869,99.52
lcl|ORF636_1:77833:76562,WP_063491148.1,99.760,417,1,0,4,420,1,417,0.0,869,99.76
lcl|ORF636_1:77833:76562,WP_176791411.1,99.286,420,3,0,4,423,1,420,0.0,869,99.52
lcl|ORF636_1:77833:76562,WP_198988014.1,99.048,420,4,0,4,423,1,420,0.0,868,99.52
lcl|ORF636_1:77833:76562,WP_213475386.1,100.000,416,0,0,4,419,1,416,0.0,868,100.00
lcl|ORF636_1:77833:76562,WP_065080140.1,99.286,420,3,0,4,423,1,420,0.0,868,99.52
lcl|ORF636_1:77833:76562,WP_198987597.1,99.048,420,4,0,4,423,1,420,0.0,868,99.52
lcl|ORF636_1:77833:76562,WP_114894104.1,99.048,420,4,0,4,423,1,420,0.0,868,99.52
lcl|ORF636_1:77833:76562,WP_011101247.1,99.048,420,4,0,4,423,1,420,0.0,868,99.52
lcl|ORF636_1:77833:76562,WP_131470502.1,99.048,420,4,0,4,423,1,420,0.0,867,99.29
lcl|ORF636_1:77833:76562,WP_024521947.1,99.286,420,3,0,4,423,1,420,0.0,867,99.29
lcl|ORF636_1:77833:76562,WP_141874794.1,99.048,420,4,0,4,423,1,420,0.0,867,99.29
lcl|ORF636_1:77833:76562,WP_168785624.1,99.048,420,4,0,4,423,1,420,0.0,866,99.29
lcl|ORF636_1:77833:76562,WP_235708158.1,99.048,420,4,0,4,423,1,420,0.0,866,99.29
lcl|ORF636_1:77833:76562,WP_128383970.1,98.810,420,5,0,4,423,1,420,0.0,865,99.29
lcl|ORF636_1:77833:76562,WP_085776252.1,98.810,420,5,0,4,423,1,420,0.0,865,99.05
lcl|ORF636_1:77833:76562,WP_024521375.1,99.048,420,4,0,4,423,1,420,0.0,865,99.05
lcl|ORF636_1:77833:76562,WP_069302522.1,99.048,420,4,0,4,423,1,420,0.0,865,99.29
lcl|ORF636_1:77833:76562,WP_027822270.1,98.571,420,6,0,4,423,1,420,0.0,864,99.05
lcl|ORF636_1:77833:76562,WP_063487386.1,100.000,414,0,0,4,417,1,414,0.0,864,100.00
lcl|ORF636_1:77833:76562,WP_105308463.1,98.810,420,5,0,4,423,1,420,0.0,864,99.29
lcl|ORF636_1:77833:76562,WP_024521761.1,98.810,420,5,0,4,423,1,420,0.0,863,99.05
lcl|ORF636_1:77833:76562,WP_024521429.1,98.810,420,5,0,4,423,1,420,0.0,863,98.81
lcl|ORF636_1:77833:76562,WP_160249474.1,98.810,420,5,0,4,423,1,420,0.0,863,99.05
lcl|ORF636_1:77833:76562,WP_024521689.1,98.571,420,6,0,4,423,1,420,0.0,862,98.81
lcl|ORF636_1:77833:76562,WP_024521485.1,98.571,420,6,0,4,423,1,420,0.0,862,99.05
lcl|ORF636_1:77833:76562,WP_234521241.1,98.333,420,7,0,4,423,1,420,0.0,862,98.81
lcl|ORF636_1:77833:76562,WP_102115659.1,98.571,420,6,0,4,423,1,420,0.0,861,98.81
lcl|ORF636_1:77833:76562,WP_097037371.1,98.095,420,8,0,4,423,1,420,0.0,859,98.57
lcl|ORF636_1:77833:76562,WP_096587981.1,100.000,412,0,0,12,423,1,412,0.0,858,100.00
lcl|ORF636_1:77833:76562,WP_128736376.1,99.277,415,3,0,4,418,1,415,0.0,858,99.52
lcl|ORF636_1:77833:76562,WP_126043871.1,99.036,415,4,0,4,418,1,415,0.0,857,99.52
lcl|ORF636_1:77833:76562,WP_024521508.1,98.333,420,7,0,4,423,1,420,0.0,857,98.33
lcl|ORF636_1:77833:76562,WP_195480106.1,97.857,420,9,0,4,423,1,420,0.0,857,98.57
lcl|ORF636_1:77833:76562,WP_120787269.1,97.619,420,10,0,4,423,1,420,0.0,855,98.57
lcl|ORF636_1:77833:76562,WP_252701732.1,97.619,420,10,0,4,423,1,420,0.0,855,98.81
lcl|ORF636_1:77833:76562,WP_165850534.1,100.000,409,0,0,4,412,1,409,0.0,855,100.00
lcl|ORF636_1:77833:76562,WP_213473236.1,97.381,420,11,0,4,423,1,420,0.0,855,98.57
lcl|ORF636_1:77833:76562,WP_209042657.1,97.143,420,12,0,4,423,1,420,0.0,854,98.57
lcl|ORF636_1:77833:76562,POD88630.1,97.381,420,11,0,4,423,1,420,0.0,854,98.57
lcl|ORF636_1:77833:76562,WP_088770930.1,97.381,420,11,0,4,423,1,420,0.0,854,98.57
lcl|ORF636_1:77833:76562,WP_248566340.1,100.000,409,0,0,15,423,1,409,0.0,854,100.00
lcl|ORF636_1:77833:76562,WP_003637881.1,97.381,420,11,0,4,423,1,420,0.0,854,98.57
lcl|ORF636_1:77833:76562,WP_101872633.1,97.143,420,12,0,4,423,1,420,0.0,853,98.57
lcl|ORF636_1:77833:76562,WP_122551746.1,97.381,420,11,0,4,423,1,420,0.0,853,98.33
lcl|ORF636_1:77833:76562,WP_225588699.1,99.034,414,4,0,4,417,1,414,0.0,853,99.28
lcl|ORF636_1:77833:76562,WP_105919605.1,97.381,420,11,0,4,423,1,420,0.0,853,98.57
lcl|ORF636_1:77833:76562,WP_245146434.1,97.143,420,12,0,4,423,1,420,0.0,852,98.57
lcl|ORF636_1:77833:76562,WP_260202022.1,97.143,420,12,0,4,423,1,420,0.0,852,98.10
lcl|ORF636_1:77833:76562,WP_216787525.1,97.143,420,12,0,4,423,1,420,0.0,850,98.33
lcl|ORF636_1:77833:76562,WP_252270189.1,97.143,420,12,0,4,423,1,420,0.0,850,98.33
lcl|ORF636_1:77833:76562,WP_063205664.1,100.000,405,0,0,4,408,1,405,0.0,847,100.00
lcl|ORF636_1:77833:76562,ADN97945.1,100.000,405,0,0,4,408,1,405,0.0,846,100.00
lcl|ORF636_1:77833:76562,WP_094012773.1,99.753,405,1,0,4,408,1,405,0.0,845,100.00
lcl|ORF640_1:75958:75809,NRX52436.1,53.333,30,14,0,20,49,4,33,0.023,40.8,76.67
lcl|ORF641_1:75790:75518,NRX52436.1,52.222,90,42,1,1,90,41,129,1.06e-17,82.0,65.56
lcl|ORF642_1:75496:75323,CSH66156.1,56.604,53,23,0,5,57,54,106,9.17e-08,55.5,62.26
lcl|ORF642_1:75496:75323,SWJ43452.1,61.538,39,15,0,19,57,1,39,4.29e-05,47.0,74.36
lcl|ORF643_1:75322:75212,CSH66156.1,68.571,35,11,0,1,35,108,142,1.97e-04,45.8,77.14
lcl|ORF643_1:75322:75212,EFR94588.1,68.750,32,10,0,4,35,5,36,7.50e-04,42.0,68.75
lcl|ORF643_1:75322:75212,SWJ43452.1,68.750,32,10,0,4,35,44,75,0.001,42.7,78.12
lcl|ORF664_1:68227:68096,WP_267679561.1,76.923,39,9,0,5,43,1,39,9.71e-11,62.0,82.05
lcl|ORF664_1:68227:68096,WP_141654615.1,76.923,39,9,0,5,43,1,39,1.36e-10,61.6,82.05
lcl|ORF664_1:68227:68096,WP_085775841.1,76.923,39,9,0,5,43,1,39,1.96e-10,61.6,82.05
lcl|ORF664_1:68227:68096,WP_265478708.1,76.923,39,9,0,5,43,1,39,4.35e-10,61.2,82.05
lcl|ORF664_1:68227:68096,WP_063733323.1,74.359,39,10,0,5,43,1,39,5.25e-10,60.5,79.49
lcl|ORF664_1:68227:68096,WP_074161560.1,76.923,39,9,0,5,43,1,39,5.33e-10,61.2,82.05
lcl|ORF664_1:68227:68096,WP_063486817.1,76.923,39,9,0,5,43,1,39,5.45e-10,61.2,82.05
lcl|ORF664_1:68227:68096,WP_229963312.1,76.923,39,9,0,5,43,1,39,5.45e-10,61.2,82.05
lcl|ORF664_1:68227:68096,WP_022638149.1,76.923,39,9,0,5,43,1,39,5.68e-10,61.2,82.05
lcl|ORF664_1:68227:68096,WP_065080441.1,76.923,39,9,0,5,43,1,39,5.75e-10,61.2,82.05
lcl|ORF664_1:68227:68096,WP_208663766.1,76.923,39,9,0,5,43,1,39,6.41e-10,60.8,82.05
lcl|ORF664_1:68227:68096,WP_033617401.1,76.923,39,9,0,5,43,1,39,8.08e-10,60.8,82.05
lcl|ORF664_1:68227:68096,WP_016511716.1,76.923,39,9,0,5,43,1,39,1.64e-09,60.8,82.05
lcl|ORF664_1:68227:68096,WP_171979331.1,74.359,39,10,0,5,43,1,39,4.36e-09,58.9,79.49
lcl|ORF664_1:68227:68096,WP_252269097.1,74.359,39,10,0,5,43,1,39,8.60e-09,58.2,79.49
lcl|ORF664_1:68227:68096,WP_088770553.1,74.359,39,10,0,5,43,1,39,1.13e-08,57.8,79.49
lcl|ORF664_1:68227:68096,WP_076636492.1,71.795,39,8,1,5,43,1,36,1.91e-07,53.5,76.92
lcl|ORF664_1:68227:68096,WP_076672633.1,71.795,39,8,1,5,43,1,36,5.00e-07,53.1,76.92
lcl|ORF665_1:68083:67763,WP_265478708.1,87.629,97,12,0,1,97,45,141,2.28e-51,169,90.72
lcl|ORF665_1:68083:67763,WP_022638149.1,87.629,97,12,0,1,97,45,141,2.96e-51,169,90.72
lcl|ORF665_1:68083:67763,WP_074161560.1,87.629,97,12,0,1,97,45,141,3.09e-51,169,90.72
lcl|ORF665_1:68083:67763,WP_076672633.1,87.629,97,12,0,1,97,42,138,4.17e-51,168,90.72
lcl|ORF665_1:68083:67763,WP_229963312.1,87.629,97,12,0,1,97,45,141,5.90e-51,168,90.72
lcl|ORF665_1:68083:67763,WP_065080441.1,86.598,97,13,0,1,97,45,141,9.04e-51,167,90.72
lcl|ORF665_1:68083:67763,WP_208663766.1,87.629,97,12,0,1,97,45,141,1.03e-50,167,90.72
lcl|ORF665_1:68083:67763,WP_033617401.1,88.421,95,11,0,3,97,47,141,3.40e-50,166,90.53
lcl|ORF665_1:68083:67763,WP_171979331.1,88.421,95,11,0,3,97,47,141,3.47e-50,166,90.53
lcl|ORF665_1:68083:67763,WP_016511716.1,87.629,97,12,0,1,97,45,141,4.44e-50,169,90.72
lcl|ORF665_1:68083:67763,WP_063486817.1,86.598,97,13,0,1,97,45,141,4.47e-50,166,89.69
lcl|ORF665_1:68083:67763,WP_088770553.1,83.505,97,16,0,1,97,45,141,2.47e-47,159,86.60
lcl|ORF665_1:68083:67763,WP_252269097.1,82.474,97,17,0,1,97,45,141,3.23e-46,156,85.57
lcl|ORF665_1:68083:67763,WP_063733323.1,86.517,89,12,0,1,89,45,133,1.19e-44,151,89.89
lcl|ORF665_1:68083:67763,WP_141654615.1,89.744,78,8,0,3,80,47,124,8.88e-40,138,92.31
lcl|ORF665_1:68083:67763,WP_085775841.1,86.420,81,11,0,1,81,45,125,1.06e-39,138,90.12
lcl|ORF665_1:68083:67763,WP_076636492.1,86.420,81,11,0,1,81,42,122,1.09e-39,138,90.12
lcl|ORF665_1:68083:67763,WP_267679561.1,88.462,78,9,0,1,78,45,122,5.13e-39,136,92.31
lcl|ORF665_1:68083:67763,KRN35533.1,86.567,67,9,0,31,97,1,67,2.05e-32,119,89.55
lcl|ORF665_1:68083:67763,PRO79191.1,42.857,105,60,0,1,105,45,149,5.49e-17,82.0,59.05
lcl|ORF665_1:68083:67763,AYG38211.1,41.905,105,61,0,1,105,45,149,1.23e-16,81.3,59.05
lcl|ORF665_1:68083:67763,EIW13036.1,42.857,105,60,0,1,105,45,149,3.99e-16,80.5,59.05
lcl|ORF665_1:68083:67763,WP_130847612.1,25.000,108,79,1,1,106,47,154,0.002,46.2,50.00
lcl|ORF665_1:68083:67763,AVK61359.1,31.522,92,61,1,10,99,56,147,0.004,45.8,53.26
lcl|ORF749_1:43507:43310,QEY89639.1,50.794,63,29,2,3,65,329,389,6.51e-10,63.9,68.25
lcl|ORF749_1:43507:43310,SLL37556.1,61.905,42,16,0,17,58,45,86,9.73e-10,59.7,76.19
lcl|ORF749_1:43507:43310,WP_235181819.1,60.606,33,13,0,16,48,571,603,2.29e-06,53.9,72.73
lcl|ORF749_1:43507:43310,ETJ14346.1,46.552,58,30,1,1,58,46,102,4.11e-06,50.8,60.34
lcl|ORF749_1:43507:43310,WP_258265276.1,60.000,25,10,0,16,40,45,69,0.006,42.0,84.00
lcl|ORF749_1:43507:43310,CUP36320.1,50.000,44,22,0,16,59,4,47,0.009,41.2,56.82
lcl|ORF750_1:42922:42791,EOB10734.1,71.795,39,11,0,5,43,1,39,5.34e-11,60.5,82.05
lcl|ORF750_1:42922:42791,NER78054.1,85.714,21,3,0,5,25,1,21,0.001,44.7,90.48
lcl|ORF751_1:42787:42632,AOE07608.1,66.667,51,17,0,1,51,1,51,6.04e-12,65.1,72.55
lcl|ORF751_1:42787:42632,AOE05665.1,64.706,51,18,0,1,51,1,51,3.26e-11,62.4,70.59
lcl|ORF751_1:42787:42632,EDM85208.1,66.667,51,17,0,1,51,1,51,3.73e-10,60.8,70.59
lcl|ORF751_1:42787:42632,NAS86280.1,62.745,51,19,0,1,51,1,51,4.74e-10,58.9,70.59
lcl|ORF751_1:42787:42632,AOE11701.1,62.745,51,19,0,1,51,1,51,1.23e-09,58.9,66.67
lcl|ORF751_1:42787:42632,EDM52631.1,62.745,51,19,0,1,51,1,51,1.33e-09,57.8,68.63
lcl|ORF751_1:42787:42632,AOE11730.1,64.706,51,18,0,1,51,1,51,3.52e-09,57.8,68.63
lcl|ORF751_1:42787:42632,ABM53543.1,62.745,51,19,0,1,51,1,51,5.22e-09,57.8,72.55
lcl|ORF751_1:42787:42632,AOE07164.1,64.706,51,18,0,1,51,1,51,5.41e-09,57.4,66.67
lcl|ORF751_1:42787:42632,NAS57072.1,62.745,51,19,0,1,51,1,51,1.58e-08,56.6,70.59
lcl|ORF751_1:42787:42632,WP_199879950.1,60.784,51,20,0,1,51,1,51,2.62e-08,55.8,66.67
lcl|ORF751_1:42787:42632,AOE06577.1,58.824,51,21,0,1,51,1,51,2.85e-08,54.7,64.71
lcl|ORF751_1:42787:42632,AOE12512.1,58.824,51,21,0,1,51,1,51,2.87e-08,54.7,62.75
lcl|ORF751_1:42787:42632,MBD1427958.1,60.784,51,20,0,1,51,1,51,2.93e-08,55.8,66.67
lcl|ORF751_1:42787:42632,AOE09242.1,60.784,51,20,0,1,51,1,51,3.59e-08,54.7,66.67
lcl|ORF751_1:42787:42632,AAU26410.1,62.745,51,19,0,1,51,1,51,4.77e-08,55.5,70.59
lcl|ORF751_1:42787:42632,EJZ61746.1,60.784,51,20,0,1,51,1,51,6.73e-08,56.2,66.67
lcl|ORF751_1:42787:42632,SEI00764.1,56.863,51,22,0,1,51,1,51,7.14e-08,53.1,64.71
lcl|ORF751_1:42787:42632,RXP46435.1,58.824,51,21,0,1,51,1,51,8.08e-08,53.5,66.67
lcl|ORF751_1:42787:42632,TPD73808.1,58.824,51,21,0,1,51,1,51,1.08e-07,53.5,66.67
lcl|ORF751_1:42787:42632,SNM22461.1,81.818,33,6,0,1,33,1,33,1.51e-07,53.5,84.85
lcl|ORF751_1:42787:42632,AOE14181.1,58.824,51,21,0,1,51,1,51,1.55e-07,52.8,64.71
lcl|ORF751_1:42787:42632,AOE06183.1,58.824,51,21,0,1,51,1,51,2.42e-07,52.8,66.67
lcl|ORF751_1:42787:42632,EJZ62527.1,60.784,51,20,0,1,51,1,51,3.13e-07,55.1,66.67
lcl|ORF751_1:42787:42632,GIR13635.1,60.784,51,20,0,1,51,1,51,3.19e-07,53.1,64.71
lcl|ORF751_1:42787:42632,AOE11093.1,56.863,51,22,0,1,51,1,51,5.70e-07,51.6,62.75
lcl|ORF751_1:42787:42632,AOE06119.1,56.863,51,22,0,1,51,1,51,9.16e-07,50.8,62.75
lcl|ORF751_1:42787:42632,AOE06235.1,56.863,51,22,0,1,51,1,51,1.82e-06,50.1,62.75
lcl|ORF751_1:42787:42632,AOE10329.1,56.863,51,22,0,1,51,1,51,2.97e-06,50.4,62.75
lcl|ORF751_1:42787:42632,CBS89857.1,56.863,51,22,0,1,51,1,51,5.88e-06,48.9,60.78
lcl|ORF751_1:42787:42632,ADI17700.1,54.167,48,22,0,4,51,1,48,8.76e-06,47.8,64.58
lcl|ORF751_1:42787:42632,VJD29623.1,88.462,26,3,0,1,26,1,26,1.58e-05,50.4,92.31
lcl|ORF751_1:42787:42632,CBS91011.1,56.863,51,22,0,1,51,1,51,1.76e-05,48.5,60.78
lcl|ORF751_1:42787:42632,KHE90546.1,57.778,45,19,0,7,51,119,163,3.60e-05,48.9,66.67
lcl|ORF751_1:42787:42632,EDN87535.1,56.863,51,22,0,1,51,1,51,5.31e-05,47.4,60.78
lcl|ORF751_1:42787:42632,KGA79987.1,57.143,42,18,0,1,42,33,74,7.14e-05,46.2,71.43
lcl|ORF751_1:42787:42632,EDS13664.1,49.020,51,26,0,1,51,1,51,8.05e-05,46.2,60.78
lcl|ORF751_1:42787:42632,OAJ65928.1,56.863,51,22,0,1,51,1,51,1.17e-04,46.6,58.82
lcl|ORF751_1:42787:42632,KCX94693.1,74.194,31,8,0,1,31,1,31,1.59e-04,44.3,74.19
lcl|ORF751_1:42787:42632,GBR42195.1,52.941,51,24,0,1,51,1,51,3.54e-04,45.4,56.86
lcl|ORF751_1:42787:42632,GBQ89552.1,52.941,51,24,0,1,51,1,51,4.49e-04,45.1,56.86
lcl|ORF751_1:42787:42632,GAN85277.1,52.941,51,24,0,1,51,1,51,0.001,44.3,58.82
lcl|ORF751_1:42787:42632,CKJ60976.1,49.020,51,20,1,1,51,1,45,0.001,43.5,52.94
lcl|ORF751_1:42787:42632,CFO88394.1,59.459,37,15,0,1,37,1,37,0.013,42.0,64.86
lcl|ORF752_1:42436:42293,EDS08588.1,66.667,33,11,0,15,47,29,61,2.10e-06,49.7,81.82
lcl|ORF752_1:42436:42293,MBS4163025.1,57.143,35,15,0,13,47,7,41,8.38e-06,47.8,80.00
lcl|ORF752_1:42436:42293,KFL81463.1,72.727,33,9,0,15,47,129,161,2.13e-05,49.3,81.82
lcl|ORF752_1:42436:42293,WP_222652728.1,56.098,41,18,0,4,44,6,46,3.38e-05,49.7,68.29
lcl|ORF752_1:42436:42293,TSC70479.1,52.174,46,22,0,1,46,116,161,0.001,44.7,67.39
lcl|ORF753_1:42124:41990,MPR95867.1,78.378,37,8,0,8,44,21,57,3.15e-11,61.6,86.49
lcl|ORF753_1:42124:41990,RXN47164.1,76.316,38,9,0,7,44,22,59,3.85e-11,61.6,84.21
lcl|ORF753_1:42124:41990,KID17125.1,72.973,37,10,0,8,44,39,75,1.75e-08,55.1,81.08
lcl|ORF753_1:42124:41990,OPZ51795.1,67.500,40,13,0,5,44,116,155,1.96e-08,57.0,80.00
lcl|ORF753_1:42124:41990,ADI16721.1,60.526,38,15,0,7,44,85,122,1.23e-05,48.9,71.05
lcl|ORF753_1:42124:41990,CDN41081.1,64.865,37,13,0,8,44,6,42,2.37e-05,48.5,72.97
lcl|ORF753_1:42124:41990,OLO56904.1,60.526,38,15,0,7,44,26,63,4.49e-05,47.4,63.16
lcl|ORF753_1:42124:41990,RDV08674.1,60.465,43,17,0,2,44,22,64,5.19e-05,47.4,65.12
lcl|ORF753_1:42124:41990,MBC6832354.1,62.162,37,14,0,8,44,2,38,9.82e-05,45.4,64.86
lcl|ORF753_1:42124:41990,EID19495.1,64.865,37,13,0,8,44,28,64,1.00e-04,47.8,67.57
lcl|ORF753_1:42124:41990,SLE30469.1,60.465,43,17,0,2,44,22,64,1.36e-04,47.4,62.79
lcl|ORF753_1:42124:41990,PMC90925.1,54.762,42,19,0,3,44,24,65,1.52e-04,45.8,57.14
lcl|ORF753_1:42124:41990,ADI17937.1,56.757,37,16,0,8,44,3,39,1.75e-04,44.7,70.27
lcl|ORF753_1:42124:41990,PKY79519.1,53.659,41,19,0,4,44,24,64,2.30e-04,45.4,58.54
lcl|ORF753_1:42124:41990,BAC18353.1,64.865,37,13,0,8,44,100,136,2.91e-04,46.6,67.57
lcl|ORF753_1:42124:41990,EDK25105.1,57.500,40,17,0,5,44,15,54,3.57e-04,46.6,70.00
lcl|ORF753_1:42124:41990,EDK22987.1,57.500,40,17,0,5,44,15,54,3.91e-04,45.4,70.00
lcl|ORF753_1:42124:41990,SPW29625.1,63.889,36,13,0,9,44,3,38,5.00e-04,45.8,66.67
lcl|ORF753_1:42124:41990,CUP87184.1,57.500,40,17,0,5,44,15,54,6.16e-04,45.4,70.00
lcl|ORF753_1:42124:41990,EDK23019.1,57.500,40,17,0,5,44,15,54,7.08e-04,45.8,70.00
lcl|ORF753_1:42124:41990,EDK22941.1,57.500,40,17,0,5,44,15,54,7.08e-04,45.8,70.00
lcl|ORF753_1:42124:41990,EDK23028.1,60.000,35,14,0,10,44,4,38,7.92e-04,44.7,71.43
lcl|ORF753_1:42124:41990,EDK24338.1,61.765,34,13,0,11,44,5,38,0.001,43.5,73.53
lcl|ORF753_1:42124:41990,EDK22961.1,59.459,37,15,0,8,44,2,38,0.001,43.1,70.27
lcl|ORF753_1:42124:41990,EDN76703.1,59.459,37,15,0,8,44,2,38,0.001,43.5,70.27
lcl|ORF753_1:42124:41990,CNJ48920.1,58.537,41,17,0,4,44,24,64,0.001,44.3,60.98
lcl|ORF753_1:42124:41990,EDN76536.1,59.459,37,15,0,8,44,2,38,0.002,43.5,70.27
lcl|ORF753_1:42124:41990,CPU68007.1,64.516,31,11,0,2,32,21,51,0.002,42.0,70.97
lcl|ORF753_1:42124:41990,EPR32483.1,61.111,36,14,0,7,42,27,62,0.002,43.5,69.44
lcl|ORF753_1:42124:41990,ALG05272.2,56.757,37,16,0,8,44,2,38,0.005,41.2,59.46
lcl|ORF753_1:42124:41990,PTN68794.1,58.333,36,15,0,9,44,3,38,0.008,41.6,61.11
lcl|ORF753_1:42124:41990,EFQ08391.1,57.895,38,16,0,7,44,190,227,0.012,42.4,63.16
lcl|ORF753_1:42124:41990,SCI00307.1,57.895,38,16,0,7,44,161,198,0.013,42.0,63.16
lcl|ORF753_1:42124:41990,SCI74493.1,57.895,38,16,0,7,44,161,198,0.013,42.0,63.16
lcl|ORF753_1:42124:41990,GGI12236.1,72.000,25,7,0,8,32,28,52,0.014,39.7,76.00
lcl|ORF753_1:42124:41990,EDP19791.1,59.459,37,15,0,8,44,191,227,0.016,42.0,62.16
lcl|ORF753_1:42124:41990,EDP22261.1,59.459,37,15,0,8,44,191,227,0.016,42.0,62.16
lcl|ORF753_1:42124:41990,CUN25727.1,59.459,37,15,0,8,44,162,198,0.017,42.0,62.16
lcl|ORF753_1:42124:41990,SCH95916.1,55.000,40,18,0,5,44,159,198,0.017,41.6,60.00
lcl|ORF753_1:42124:41990,EDP21864.1,59.459,37,15,0,8,44,191,227,0.017,42.0,62.16
lcl|ORF753_1:42124:41990,CUO29886.1,55.000,40,18,0,5,44,159,198,0.017,41.6,60.00
lcl|ORF753_1:42124:41990,EEU95451.1,59.459,37,15,0,8,44,212,248,0.018,41.6,62.16
lcl|ORF753_1:42124:41990,CAB1025928.1,58.333,36,15,0,9,44,3,38,0.028,40.8,61.11
lcl|ORF753_1:42124:41990,EFE69118.1,72.000,25,7,0,8,32,2,26,0.035,38.1,76.00
lcl|ORF754_1:41890:41591,PNH17462.1,70.769,65,19,0,34,98,5,69,6.13e-19,84.0,76.92
lcl|ORF754_1:41890:41591,SCI46792.1,58.140,86,34,1,13,98,33,116,1.43e-17,82.0,63.95
lcl|ORF754_1:41890:41591,EDP10738.1,66.154,65,22,0,34,98,52,116,9.38e-16,78.2,72.31
lcl|ORF754_1:41890:41591,CUQ87085.1,55.294,85,36,1,14,98,76,158,3.72e-15,78.2,64.71
lcl|ORF754_1:41890:41591,CDC86113.1,57.317,82,33,1,17,98,79,158,5.23e-15,77.8,65.85
lcl|ORF754_1:41890:41591,SCH66965.1,65.625,64,22,0,34,97,84,147,9.20e-15,76.3,73.44
lcl|ORF754_1:41890:41591,SCJ85354.1,65.625,64,22,0,34,97,84,147,9.70e-15,76.3,73.44
lcl|ORF754_1:41890:41591,EDR96726.1,61.765,68,26,0,30,97,31,98,4.33e-14,73.2,70.59
lcl|ORF754_1:41890:41591,CUO74957.1,60.870,69,27,0,30,98,71,139,1.02e-13,73.9,69.57
lcl|ORF754_1:41890:41591,OUP63279.1,43.434,99,50,1,5,97,19,117,3.31e-13,70.9,52.53
lcl|ORF754_1:41890:41591,EDS11163.1,43.434,99,50,1,5,97,19,117,1.07e-12,69.7,52.53
lcl|ORF754_1:41890:41591,CUP87184.1,59.375,64,26,0,34,97,118,181,1.36e-12,70.9,68.75
lcl|ORF754_1:41890:41591,EDS13039.1,43.434,99,50,1,5,97,19,117,2.33e-12,69.3,52.53
lcl|ORF754_1:41890:41591,EDS10786.1,43.434,99,50,1,5,97,19,117,2.38e-12,69.3,52.53
lcl|ORF754_1:41890:41591,ABZ84886.1,55.882,68,30,0,9,76,9,76,7.27e-12,67.0,63.24
lcl|ORF754_1:41890:41591,EDM52307.1,58.462,65,27,0,34,98,32,96,1.29e-11,65.9,67.69
lcl|ORF754_1:41890:41591,OYP20460.1,57.895,57,24,0,34,90,13,69,2.44e-11,65.1,71.93
lcl|ORF754_1:41890:41591,EOU16337.1,69.388,49,15,0,5,53,79,127,9.29e-11,64.7,73.47
lcl|ORF754_1:41890:41591,EOU22745.1,69.388,49,15,0,5,53,79,127,9.81e-11,64.7,73.47
lcl|ORF754_1:41890:41591,EDK25105.1,57.812,64,27,0,34,97,118,181,1.46e-10,66.6,65.62
lcl|ORF754_1:41890:41591,EDK23019.1,57.812,64,27,0,34,97,118,181,1.54e-10,66.6,65.62
lcl|ORF754_1:41890:41591,EDK22941.1,57.812,64,27,0,34,97,118,181,1.60e-10,66.2,65.62
lcl|ORF754_1:41890:41591,CUP90579.1,61.404,57,22,0,34,90,91,147,3.76e-10,63.9,68.42
lcl|ORF754_1:41890:41591,EFF91830.1,57.895,57,24,0,34,90,6,62,3.16e-09,60.1,68.42
lcl|ORF754_1:41890:41591,EFK98585.1,58.929,56,23,0,34,89,3,58,4.64e-09,59.7,69.64
lcl|ORF754_1:41890:41591,CCO09713.2,65.306,49,17,0,5,53,66,114,1.33e-08,58.9,69.39
lcl|ORF754_1:41890:41591,PHQ49768.1,56.140,57,25,0,34,90,8,64,1.87e-08,57.8,68.42
lcl|ORF754_1:41890:41591,SPW29625.1,55.172,58,26,0,32,89,135,192,8.33e-08,58.2,65.52
lcl|ORF754_1:41890:41591,EFL15839.1,56.140,57,25,0,34,90,45,101,8.33e-08,58.2,68.42
lcl|ORF754_1:41890:41591,EFE67885.1,56.140,57,25,0,34,90,11,67,9.05e-08,56.2,66.67
lcl|ORF754_1:41890:41591,EFE69117.1,56.140,57,25,0,34,90,11,67,9.98e-08,55.8,66.67
lcl|ORF754_1:41890:41591,OZG60582.1,55.556,54,24,0,36,89,14,67,1.98e-07,54.7,66.67
lcl|ORF754_1:41890:41591,PKU99019.1,55.556,54,24,0,36,89,93,146,6.48e-07,55.8,64.81
lcl|ORF754_1:41890:41591,PWI41784.1,54.386,57,26,0,34,90,13,69,8.11e-07,53.5,64.91
lcl|ORF754_1:41890:41591,EDR96172.1,50.000,62,31,0,31,92,32,93,2.28e-05,50.4,58.06
lcl|ORF754_1:41890:41591,KFA45286.1,45.283,53,29,0,1,53,1,53,1.88e-04,46.6,56.60
lcl|ORF754_1:41890:41591,GAW30222.1,67.742,31,10,0,46,76,16,46,0.007,42.4,67.74
lcl|ORF754_1:41890:41591,GAW30223.1,67.742,31,10,0,46,76,16,46,0.008,42.4,67.74
lcl|ORF754_1:41890:41591,AAF09840.1,55.000,40,18,0,35,74,5,44,0.008,44.3,65.00
lcl|ORF756_1:41251:41114,CJK14314.1,72.973,37,10,0,9,45,79,115,7.86e-10,59.7,83.78
lcl|ORF756_1:41251:41114,EDS76179.1,64.103,39,14,0,2,40,13,51,3.50e-07,52.4,76.92
lcl|ORF756_1:41251:41114,ADI17934.1,60.976,41,16,0,2,42,20,60,9.20e-07,50.8,68.29
lcl|ORF756_1:41251:41114,EDS76286.1,60.000,40,16,0,6,45,17,56,1.20e-06,50.4,70.00
lcl|ORF756_1:41251:41114,KUK92034.1,69.444,36,11,0,7,42,10,45,2.22e-06,51.6,80.56
lcl|ORF756_1:41251:41114,KZL88966.1,72.727,33,9,0,8,40,51,83,1.55e-05,49.3,81.82
lcl|ORF756_1:41251:41114,OFH96440.1,72.727,33,9,0,8,40,19,51,1.89e-05,49.7,81.82
lcl|ORF756_1:41251:41114,WP_222652728.1,72.727,33,9,0,6,38,402,434,3.22e-05,49.7,81.82
lcl|ORF756_1:41251:41114,EFQ80765.1,60.000,35,14,0,8,42,26,60,4.87e-05,46.2,68.57
lcl|ORF756_1:41251:41114,EJB90947.1,70.000,30,9,0,7,36,24,53,2.93e-04,46.2,80.00
lcl|ORF756_1:41251:41114,KIS36590.1,56.410,39,17,0,7,45,36,74,2.97e-04,44.7,64.10
lcl|ORF756_1:41251:41114,KOF55824.1,68.966,29,9,0,8,36,53,81,3.79e-04,45.1,79.31
lcl|ORF756_1:41251:41114,AOE09238.1,55.263,38,17,0,8,45,7,44,0.010,40.0,63.16
lcl|ORF756_1:41251:41114,AOE10198.1,50.000,44,22,0,2,45,13,56,0.011,40.4,56.82
lcl|ORF757_1:41065:40925,RMC23375.1,79.167,24,5,0,23,46,61,84,0.017,40.0,83.33
lcl|ORF758_1:40921:40829,KIS04702.1,90.000,30,3,0,1,30,120,149,8.03e-10,59.7,93.33
lcl|ORF758_1:40921:40829,KIS05135.1,90.000,30,3,0,1,30,120,149,8.48e-10,59.7,93.33
lcl|ORF758_1:40921:40829,KDE01841.1,90.000,30,3,0,1,30,120,149,8.76e-10,59.7,93.33
lcl|ORF758_1:40921:40829,CRS41893.1,90.000,30,3,0,1,30,120,149,9.44e-10,59.3,93.33
lcl|ORF758_1:40921:40829,EGL81434.1,86.667,30,4,0,1,30,47,76,3.19e-08,55.8,90.00
lcl|ORF758_1:40921:40829,CJA30742.1,95.833,24,1,0,7,30,22,45,7.96e-08,52.0,95.83
lcl|ORF758_1:40921:40829,EZU73576.1,83.333,30,5,0,1,30,2,31,7.99e-08,54.3,86.67
lcl|ORF758_1:40921:40829,OFH96440.1,89.655,29,3,0,2,30,123,151,2.81e-07,53.5,89.66
lcl|ORF758_1:40921:40829,AAU50096.1,88.000,25,3,0,6,30,3,27,7.68e-07,50.4,92.00
lcl|ORF758_1:40921:40829,ACF23508.1,88.000,25,3,0,6,30,3,27,8.76e-07,50.1,92.00
lcl|ORF758_1:40921:40829,CUO74938.1,92.000,25,2,0,6,30,3,27,1.10e-06,51.2,92.00
lcl|ORF758_1:40921:40829,EDM97728.1,76.667,30,7,0,1,30,2,31,1.47e-06,49.3,83.33
lcl|ORF758_1:40921:40829,EGG54196.1,88.000,25,3,0,6,30,3,27,3.22e-06,49.3,88.00
lcl|ORF758_1:40921:40829,AJA38639.1,80.000,30,6,0,1,30,114,143,5.04e-06,50.8,83.33
lcl|ORF758_1:40921:40829,CCZ19492.1,72.414,29,8,0,2,30,15,43,9.20e-06,49.3,79.31
lcl|ORF758_1:40921:40829,VNI85500.1,76.667,30,7,0,1,30,101,130,1.65e-05,49.3,80.00
lcl|ORF758_1:40921:40829,EEI82387.1,76.667,30,7,0,1,30,56,85,2.50e-05,47.8,80.00
lcl|ORF758_1:40921:40829,KUK40615.1,76.667,30,7,0,1,30,87,116,2.91e-05,48.1,83.33
lcl|ORF758_1:40921:40829,EFF93460.1,80.000,25,5,0,1,25,31,55,1.02e-04,45.8,88.00
lcl|ORF758_1:40921:40829,EFF90300.1,80.000,25,5,0,1,25,31,55,1.12e-04,45.8,88.00
lcl|ORF758_1:40921:40829,EFF91832.1,80.000,25,5,0,1,25,31,55,1.25e-04,45.4,88.00
lcl|ORF758_1:40921:40829,NEO30632.1,75.000,24,6,0,1,24,866,889,5.29e-04,45.4,79.17
lcl|ORF758_1:40921:40829,EDN76706.1,76.000,25,6,0,1,25,57,81,7.04e-04,43.9,88.00
lcl|ORF758_1:40921:40829,EDN75699.1,76.000,25,6,0,1,25,57,81,7.04e-04,43.9,88.00
lcl|ORF758_1:40921:40829,KUJ95332.1,80.000,25,5,0,1,25,16,40,7.11e-04,44.3,88.00
lcl|ORF758_1:40921:40829,EDK22938.1,76.000,25,6,0,1,25,88,112,0.001,43.9,88.00
lcl|ORF758_1:40921:40829,EQJ26087.1,76.000,25,6,0,1,25,114,138,0.002,43.1,84.00
lcl|ORF758_1:40921:40829,EQG74591.1,76.000,25,6,0,1,25,122,146,0.002,43.1,84.00
lcl|ORF758_1:40921:40829,SJO69590.1,76.000,25,6,0,1,25,130,154,0.002,43.1,84.00
lcl|ORF758_1:40921:40829,EDS06850.1,72.000,25,7,0,1,25,25,49,0.004,41.6,84.00
lcl|ORF758_1:40921:40829,EFL16499.1,72.000,25,7,0,1,25,24,48,0.004,40.8,80.00
lcl|ORF758_1:40921:40829,EFL18000.1,72.000,25,7,0,1,25,29,53,0.005,40.8,80.00
lcl|ORF758_1:40921:40829,CUP15358.1,72.000,25,7,0,1,25,73,97,0.006,42.0,84.00
lcl|ORF758_1:40921:40829,EFE80473.1,72.000,25,7,0,1,25,43,67,0.006,41.6,80.00
lcl|ORF758_1:40921:40829,EFH32043.1,72.000,25,7,0,1,25,61,85,0.006,41.6,80.00
lcl|ORF758_1:40921:40829,EFK98587.1,72.000,25,7,0,1,25,31,55,0.007,40.8,80.00
lcl|ORF758_1:40921:40829,EFD68583.1,72.000,25,7,0,1,25,31,55,0.007,40.8,80.00
lcl|ORF758_1:40921:40829,EFH31360.1,72.000,25,7,0,1,25,46,70,0.007,41.2,80.00
lcl|ORF758_1:40921:40829,EFL01768.1,72.000,25,7,0,1,25,27,51,0.008,40.8,80.00
lcl|ORF758_1:40921:40829,EWS90746.1,72.000,25,7,0,1,25,62,86,0.009,41.2,80.00
lcl|ORF758_1:40921:40829,EDM87028.1,76.000,25,6,0,1,25,121,145,0.010,41.6,88.00
lcl|ORF758_1:40921:40829,EDM87878.1,76.000,25,6,0,1,25,121,145,0.010,41.6,88.00
lcl|ORF758_1:40921:40829,EFE75470.1,72.000,25,7,0,1,25,77,101,0.013,40.8,80.00
lcl|ORF758_1:40921:40829,EDX21996.1,72.000,25,7,0,1,25,87,111,0.015,40.8,80.00
lcl|ORF758_1:40921:40829,EFE80054.1,72.000,25,7,0,1,25,88,112,0.017,40.8,80.00
lcl|ORF758_1:40921:40829,EFE81975.1,72.000,25,7,0,1,25,88,112,0.018,40.4,80.00
lcl|ORF758_1:40921:40829,EDX25829.1,72.000,25,7,0,1,25,110,134,0.018,40.8,80.00
lcl|ORF758_1:40921:40829,MBD1423946.1,72.414,29,8,0,1,29,44,72,0.021,40.0,75.86
lcl|ORF758_1:40921:40829,SPY22707.1,65.517,29,10,0,1,29,15,43,0.024,40.4,72.41
lcl|ORF758_1:40921:40829,QJW48833.1,68.000,25,8,0,1,25,6,30,0.025,40.4,76.00
lcl|ORF759_1:40795:40511,EEX24762.1,68.293,82,26,0,9,90,3,84,1.16e-26,103,71.95
lcl|ORF759_1:40795:40511,WP_229569044.1,75.362,69,17,0,7,75,1,69,2.45e-18,82.0,79.71
lcl|ORF759_1:40795:40511,GBG95890.1,66.129,62,21,0,7,68,1,62,3.22e-16,76.6,70.97
lcl|ORF759_1:40795:40511,GBG95888.1,64.516,62,22,0,7,68,1,62,5.18e-15,73.6,69.35
lcl|ORF759_1:40795:40511,EEQ24508.1,56.098,82,34,1,9,90,3,82,1.09e-09,62.8,64.63
lcl|ORF759_1:40795:40511,OSH35235.1,68.182,44,14,0,47,90,52,95,1.94e-09,60.5,77.27
lcl|ORF759_1:40795:40511,RBT11052.1,68.182,44,14,0,47,90,79,122,8.47e-09,59.3,77.27
lcl|ORF759_1:40795:40511,GBY38105.1,52.459,61,28,1,31,90,38,98,1.95e-07,56.6,65.57
lcl|ORF759_1:40795:40511,ARI79959.1,53.226,62,26,2,28,89,64,122,1.08e-06,55.5,66.13
lcl|ORF759_1:40795:40511,GIW49390.1,52.727,55,26,0,39,93,44,98,1.17e-06,54.7,65.45
lcl|ORF759_1:40795:40511,KHF26723.1,52.727,55,26,0,39,93,46,100,1.50e-06,54.3,65.45
lcl|ORF759_1:40795:40511,AOE14047.1,39.506,81,48,1,9,89,3,82,1.72e-06,52.4,54.32
lcl|ORF759_1:40795:40511,ACO03265.1,39.000,100,47,3,1,86,39,138,1.54e-05,52.0,48.00
lcl|ORF759_1:40795:40511,EEX73170.1,62.500,40,14,1,49,87,2,41,2.35e-04,47.0,72.50
lcl|ORF759_1:40795:40511,EZU73576.1,40.541,74,44,0,1,74,44,117,2.94e-04,47.8,48.65
lcl|ORF759_1:40795:40511,OHB19050.1,58.537,41,12,1,58,93,57,97,6.71e-04,46.2,68.29
lcl|ORF759_1:40795:40511,GIT46276.1,44.156,77,30,3,23,86,28,104,0.001,46.2,54.55
lcl|ORF759_1:40795:40511,ADI18108.1,48.000,50,22,1,23,68,28,77,0.004,43.5,60.00
lcl|ORF759_1:40795:40511,SPY22707.1,61.111,36,14,0,58,93,113,148,0.004,45.4,69.44
lcl|ORF759_1:40795:40511,RGS16953.1,45.283,53,25,2,18,68,22,72,0.012,42.4,52.83
lcl|ORF760_1:40108:40004,EDM52311.1,94.737,19,1,0,12,30,6,24,0.041,38.5,94.74
lcl|ORF761_1:39874:39776,PQV95966.1,95.455,22,1,0,1,22,1,22,2.06e-04,43.9,95.45
lcl|ORF761_1:39874:39776,PQW03154.1,90.909,22,2,0,1,22,1,22,0.009,39.7,90.91
lcl|ORF763_1:39331:39233,OAC89458.1,96.875,32,1,0,1,32,33,64,4.49e-14,68.2,100.00
lcl|ORF763_1:39331:39233,EJO15818.1,96.875,32,1,0,1,32,33,64,5.01e-14,68.2,100.00
lcl|ORF763_1:39331:39233,EFG00477.1,96.875,32,1,0,1,32,37,68,5.13e-14,68.2,100.00
lcl|ORF763_1:39331:39233,CBL49900.1,96.875,32,1,0,1,32,4,35,5.88e-14,67.4,100.00
lcl|ORF763_1:39331:39233,OKO52292.1,96.875,32,1,0,1,32,33,64,7.69e-14,67.8,100.00
lcl|ORF763_1:39331:39233,CAR86199.1,96.875,32,1,0,1,32,33,64,8.03e-14,67.8,100.00
lcl|ORF763_1:39331:39233,CAR86710.1,96.875,32,1,0,1,32,33,64,1.10e-13,67.4,100.00
lcl|ORF763_1:39331:39233,ETO54462.1,93.750,32,2,0,1,32,40,71,1.77e-13,67.0,96.88
lcl|ORF763_1:39331:39233,ORN56257.1,93.750,32,2,0,1,32,49,80,1.78e-13,67.4,96.88
lcl|ORF763_1:39331:39233,OXR47886.1,90.625,32,3,0,1,32,49,80,3.79e-12,63.9,93.75
lcl|ORF763_1:39331:39233,ARJ18472.1,93.333,30,2,0,1,30,49,78,6.38e-12,63.2,96.67
lcl|ORF763_1:39331:39233,ASC82089.1,90.625,32,3,0,1,32,33,64,6.63e-12,62.8,93.75
lcl|ORF763_1:39331:39233,GGH88092.1,81.250,32,6,0,1,32,10,41,4.21e-10,58.5,84.38
lcl|ORF763_1:39331:39233,EDP24803.1,83.871,31,5,0,1,31,27,57,1.81e-09,56.6,87.10
lcl|ORF763_1:39331:39233,OPA72784.1,80.645,31,6,0,1,31,33,63,2.54e-09,56.2,83.87
lcl|ORF763_1:39331:39233,EDP26613.1,78.125,32,7,0,1,32,33,64,8.03e-09,55.5,81.25
lcl|ORF763_1:39331:39233,EDP25402.1,78.125,32,7,0,1,32,33,64,8.12e-09,55.5,81.25
lcl|ORF763_1:39331:39233,EDP26599.1,78.125,32,7,0,1,32,33,64,9.05e-09,55.5,81.25
lcl|ORF763_1:39331:39233,KMV78111.1,78.125,32,7,0,1,32,47,78,1.13e-08,55.1,84.38
lcl|ORF763_1:39331:39233,EDP25890.1,78.125,32,7,0,1,32,33,64,1.15e-08,55.1,81.25
lcl|ORF763_1:39331:39233,EEZ01457.1,77.419,31,7,0,1,31,11,41,2.06e-08,54.3,80.65
lcl|ORF763_1:39331:39233,EDO57886.1,75.000,32,8,0,1,32,27,58,2.62e-08,53.9,81.25
lcl|ORF763_1:39331:39233,EDO56336.1,75.000,32,8,0,1,32,27,58,2.89e-08,53.9,81.25
lcl|ORF763_1:39331:39233,EDN76676.1,75.000,32,8,0,1,32,33,64,3.33e-08,53.9,81.25
lcl|ORF763_1:39331:39233,TDM08366.1,78.125,32,7,0,1,32,425,456,7.05e-08,56.2,81.25
lcl|ORF763_1:39331:39233,CDN41089.1,74.194,31,8,0,1,31,27,57,8.06e-08,52.4,80.65
lcl|ORF763_1:39331:39233,CRI38525.1,78.125,32,7,0,1,32,27,58,1.11e-07,52.0,81.25
lcl|ORF763_1:39331:39233,EEZ19091.1,76.667,30,7,0,1,30,11,40,1.88e-07,51.6,80.00
lcl|ORF763_1:39331:39233,EDN84984.1,73.333,30,8,0,1,30,21,50,4.22e-07,50.4,80.00
lcl|ORF763_1:39331:39233,CRI33406.1,75.000,32,8,0,1,32,27,58,1.41e-06,49.3,78.12
lcl|ORF763_1:39331:39233,AOE07155.1,73.333,30,8,0,1,30,29,58,1.93e-06,48.9,76.67
lcl|ORF763_1:39331:39233,ACA05077.1,78.571,28,6,0,1,28,32,59,1.93e-06,50.1,82.14
lcl|ORF763_1:39331:39233,AOE07960.1,73.333,30,8,0,1,30,50,79,2.39e-06,49.3,76.67
lcl|ORF763_1:39331:39233,AVT54914.1,94.444,18,1,0,1,18,45,62,0.012,39.3,100.00
lcl|ORF763_1:39331:39233,ANK02892.1,94.444,18,1,0,1,18,33,50,0.013,38.9,100.00
lcl|ORF763_1:39331:39233,EGJ08660.1,94.444,18,1,0,1,18,4,21,0.016,38.5,100.00
lcl|ORF764_1:39151:38963,EEQ24559.1,84.746,59,9,0,4,62,1,59,1.34e-23,97.1,89.83
lcl|ORF764_1:39151:38963,CRE39519.1,80.328,61,12,0,2,62,232,292,7.11e-23,97.8,86.89
lcl|ORF764_1:39151:38963,TDG61721.1,83.051,59,10,0,4,62,1,59,2.10e-22,94.0,88.14
lcl|ORF764_1:39151:38963,NRO65176.1,81.356,59,11,0,4,62,1,59,7.22e-21,90.1,86.44
lcl|ORF764_1:39151:38963,NRN73514.1,81.356,59,11,0,4,62,1,59,8.05e-21,90.1,86.44
lcl|ORF764_1:39151:38963,NRO07302.1,81.356,59,11,0,4,62,1,59,8.05e-21,90.1,86.44
lcl|ORF764_1:39151:38963,NRO09191.1,81.356,59,11,0,4,62,1,59,8.22e-21,90.1,86.44
lcl|ORF764_1:39151:38963,NRO15424.1,81.356,59,11,0,4,62,1,59,8.31e-21,90.1,86.44
lcl|ORF764_1:39151:38963,NRN94624.1,81.356,59,11,0,4,62,1,59,8.49e-21,90.1,86.44
lcl|ORF764_1:39151:38963,NRO85455.1,81.356,59,11,0,4,62,1,59,8.49e-21,90.1,86.44
lcl|ORF764_1:39151:38963,NRN79830.1,81.356,59,11,0,4,62,1,59,8.59e-21,89.7,86.44
lcl|ORF764_1:39151:38963,NRO05096.1,81.356,59,11,0,4,62,1,59,8.59e-21,89.7,86.44
lcl|ORF764_1:39151:38963,TDG78376.1,79.661,59,12,0,4,62,1,59,1.87e-20,89.0,84.75
lcl|ORF764_1:39151:38963,NRN77723.1,79.661,59,12,0,4,62,1,59,2.38e-20,89.0,84.75
lcl|ORF764_1:39151:38963,MBI1713597.1,81.132,53,10,0,10,62,1,53,3.86e-18,82.8,84.91
lcl|ORF764_1:39151:38963,EDM97733.1,67.742,62,20,0,1,62,1,62,2.11e-15,73.6,70.97
lcl|ORF764_1:39151:38963,CAJ30042.1,69.492,59,18,0,1,59,1,59,4.85e-15,72.8,74.58
lcl|ORF764_1:39151:38963,EEW89197.1,66.129,62,21,0,1,62,1,62,8.11e-15,71.6,70.97
lcl|ORF764_1:39151:38963,EGE46865.1,67.742,62,20,0,1,62,1,62,1.08e-14,71.6,70.97
lcl|ORF764_1:39151:38963,ANK02893.1,66.129,62,21,0,1,62,1,62,7.04e-14,69.3,72.58
lcl|ORF764_1:39151:38963,OSB73329.1,64.516,62,22,0,1,62,1,62,2.83e-13,67.8,72.58
lcl|ORF764_1:39151:38963,CDW93816.1,63.333,60,22,0,1,60,1,60,1.33e-12,66.2,71.67
lcl|ORF764_1:39151:38963,APM23345.1,62.903,62,23,0,1,62,1,62,4.55e-12,64.7,70.97
lcl|ORF764_1:39151:38963,GIR91464.1,56.452,62,27,0,1,62,1,62,1.46e-11,66.2,70.97
lcl|ORF764_1:39151:38963,PJR20766.1,61.290,62,24,0,1,62,1,62,2.07e-11,63.2,69.35
lcl|ORF764_1:39151:38963,COL77415.1,85.714,35,5,0,10,44,141,175,2.30e-11,65.9,91.43
lcl|ORF764_1:39151:38963,CDB39267.1,62.500,56,21,0,4,59,1,56,1.14e-10,63.2,76.79
lcl|ORF764_1:39151:38963,CBA31936.1,60.000,60,24,0,1,60,1,60,1.64e-10,61.2,68.33
lcl|ORF764_1:39151:38963,MBQ5160592.1,55.000,60,27,0,1,60,1,60,4.90e-09,57.0,66.67
lcl|ORF764_1:39151:38963,KFA45284.1,82.857,35,6,0,22,56,51,85,3.41e-08,55.8,85.71
lcl|ORF764_1:39151:38963,AOE11687.1,59.677,62,25,0,1,62,1,62,7.32e-07,51.6,64.52
lcl|ORF764_1:39151:38963,CJG54456.1,92.000,25,2,0,20,44,78,102,7.94e-06,49.7,92.00
lcl|ORF764_1:39151:38963,CPL75318.1,49.123,57,29,0,6,62,112,168,2.56e-05,49.7,68.42
lcl|ORF764_1:39151:38963,EPF26580.1,54.545,55,25,0,8,62,1,55,4.42e-05,49.7,63.64
lcl|ORF764_1:39151:38963,PJR20445.1,59.091,44,18,0,19,62,54,97,7.36e-05,47.4,70.45
lcl|ORF764_1:39151:38963,CBL49508.1,75.862,29,7,0,34,62,1,29,0.012,42.4,79.31
lcl|ORF764_1:39151:38963,CBL51099.1,75.862,29,7,0,34,62,1,29,0.012,42.4,79.31
lcl|ORF764_1:39151:38963,AOE07596.1,53.846,52,24,0,8,59,1,52,0.029,39.7,61.54
lcl|ORF765_1:38917:38618,ATQ34690.1,100.000,82,0,0,18,99,17,98,1.87e-52,169,100.00
lcl|ORF765_1:38917:38618,EOR32948.1,79.592,98,20,0,1,98,1,98,1.41e-50,164,87.76
lcl|ORF765_1:38917:38618,EJE55184.1,78.571,98,21,0,1,98,2,99,4.50e-50,163,87.76
lcl|ORF765_1:38917:38618,EFI83919.1,81.633,98,18,0,1,98,27,124,7.07e-50,163,88.78
lcl|ORF765_1:38917:38618,EFH95999.1,79.381,97,20,0,2,98,4,100,8.96e-50,162,87.63
lcl|ORF765_1:38917:38618,EJE56045.1,78.571,98,21,0,1,98,1,98,8.08e-49,160,86.73
lcl|ORF765_1:38917:38618,EEQ24559.1,80.612,98,19,0,1,98,76,173,9.25e-47,157,84.69
lcl|ORF765_1:38917:38618,TDG78376.1,79.592,98,20,0,1,98,76,173,2.70e-46,156,83.67
lcl|ORF765_1:38917:38618,EFH30562.1,79.592,98,20,0,1,98,22,119,3.81e-46,154,83.67
lcl|ORF765_1:38917:38618,NRN73514.1,79.592,98,20,0,1,98,76,173,1.17e-45,154,83.67
lcl|ORF765_1:38917:38618,NRO09191.1,79.592,98,20,0,1,98,76,173,2.43e-45,154,83.67
lcl|ORF765_1:38917:38618,NRN94624.1,80.208,96,19,0,1,96,76,171,2.87e-45,153,84.38
lcl|ORF765_1:38917:38618,TDG61721.1,77.551,98,22,0,1,98,76,173,4.25e-45,153,82.65
lcl|ORF765_1:38917:38618,CBL49508.1,78.571,98,21,0,1,98,46,143,6.80e-45,151,82.65
lcl|ORF765_1:38917:38618,NRO15424.1,78.571,98,21,0,1,98,76,173,7.42e-45,152,82.65
lcl|ORF765_1:38917:38618,NRN77723.1,78.571,98,21,0,1,98,76,173,8.56e-45,152,82.65
lcl|ORF765_1:38917:38618,NRN79830.1,80.000,95,19,0,1,95,76,170,1.15e-44,152,84.21
lcl|ORF765_1:38917:38618,NRO05096.1,78.571,98,21,0,1,98,76,173,1.35e-44,152,82.65
lcl|ORF765_1:38917:38618,NRO65176.1,78.571,98,21,0,1,98,76,173,1.46e-44,152,82.65
lcl|ORF765_1:38917:38618,NRO07302.1,80.000,95,19,0,1,95,76,170,2.44e-44,151,84.21
lcl|ORF765_1:38917:38618,MBI1713597.1,78.571,98,21,0,1,98,70,167,3.60e-44,150,82.65
lcl|ORF765_1:38917:38618,CBL51099.1,77.551,98,22,0,1,98,46,143,7.01e-44,149,81.63
lcl|ORF765_1:38917:38618,CDN41090.1,78.571,98,21,0,1,98,119,216,1.31e-43,150,87.76
lcl|ORF765_1:38917:38618,NRO85455.1,78.947,95,20,0,1,95,76,170,1.58e-43,149,83.16
lcl|ORF765_1:38917:38618,ATQ59040.1,76.543,81,19,0,18,98,1,81,1.49e-37,131,86.42
lcl|ORF765_1:38917:38618,OZH61256.1,85.135,74,11,0,25,98,1,74,6.00e-36,127,90.54
lcl|ORF765_1:38917:38618,AQP69597.1,76.543,81,19,0,18,98,1,81,2.03e-35,125,85.19
lcl|ORF765_1:38917:38618,ATQ49465.1,77.922,77,17,0,22,98,1,77,2.97e-35,125,85.71
lcl|ORF765_1:38917:38618,OXR47885.1,89.552,67,7,0,32,98,9,75,4.86e-35,124,95.52
lcl|ORF765_1:38917:38618,PDS00240.1,84.286,70,11,0,29,98,3,72,5.09e-35,124,91.43
lcl|ORF765_1:38917:38618,OQM45369.1,78.750,80,14,1,19,98,8,84,5.96e-35,124,83.75
lcl|ORF765_1:38917:38618,ACX55038.1,78.750,80,14,1,19,98,2,78,1.24e-34,123,83.75
lcl|ORF765_1:38917:38618,OTO93849.1,86.111,72,10,0,27,98,1,72,1.90e-34,123,90.28
lcl|ORF765_1:38917:38618,OLO27204.1,86.567,67,9,0,32,98,5,71,3.49e-34,122,92.54
lcl|ORF765_1:38917:38618,TQC52863.1,78.378,74,16,0,25,98,1,74,3.55e-34,122,86.49
lcl|ORF765_1:38917:38618,ATQ50620.1,78.378,74,16,0,25,98,1,74,5.39e-34,122,86.49
lcl|ORF765_1:38917:38618,ASZ06378.1,81.333,75,11,1,24,98,4,75,5.92e-34,122,86.67
lcl|ORF765_1:38917:38618,ARJ13465.1,77.027,74,17,0,25,98,1,74,9.33e-34,121,86.49
lcl|ORF765_1:38917:38618,PTY81801.1,82.857,70,12,0,29,98,15,84,1.20e-33,121,90.00
lcl|ORF765_1:38917:38618,ACX55016.1,77.500,80,15,1,19,98,4,80,3.31e-33,120,82.50
lcl|ORF765_1:38917:38618,ARJ18384.1,78.873,71,15,0,28,98,1,71,8.40e-33,119,85.92
lcl|ORF765_1:38917:38618,EFH95998.1,77.027,74,17,0,25,98,1,74,1.58e-32,118,85.14
lcl|ORF765_1:38917:38618,OIJ17655.1,81.538,65,12,0,34,98,4,68,1.31e-30,113,89.23
lcl|ORF765_1:38917:38618,ARO16084.1,86.885,61,8,0,38,98,15,75,4.92e-30,112,93.44
lcl|ORF765_1:38917:38618,OZG63716.1,58.586,99,36,1,1,99,1,94,7.51e-30,114,63.64
lcl|ORF765_1:38917:38618,CGF52670.1,84.615,65,10,0,34,98,140,204,8.96e-30,115,90.77
lcl|ORF765_1:38917:38618,GAW32655.1,78.788,66,14,0,33,98,3,68,6.94e-29,108,86.36
lcl|ORF765_1:38917:38618,CEE24912.1,57.143,98,42,0,1,98,1,98,2.49e-28,108,63.27
lcl|ORF765_1:38917:38618,CDW93815.1,58.163,98,41,0,1,98,1,98,3.89e-28,107,65.31
lcl|ORF765_1:38917:38618,OPA72785.1,80.645,62,12,0,35,96,1,62,4.38e-28,107,88.71
lcl|ORF765_1:38917:38618,KFA45282.1,77.049,61,14,0,1,61,1,61,2.80e-27,105,85.25
lcl|ORF765_1:38917:38618,VZH86396.1,60.417,96,31,2,3,98,37,125,6.20e-27,106,65.62
lcl|ORF765_1:38917:38618,VZH85994.1,60.417,96,31,2,3,98,37,125,9.33e-27,106,65.62
lcl|ORF765_1:38917:38618,GIR91464.1,56.122,98,35,2,1,98,79,168,1.16e-26,106,68.37
lcl|ORF765_1:38917:38618,COG55254.1,83.333,60,10,0,39,98,71,130,3.83e-26,103,90.00
lcl|ORF765_1:38917:38618,EDK22933.1,75.758,66,16,0,33,98,10,75,2.40e-25,100,80.30
lcl|ORF765_1:38917:38618,EDK22963.1,75.758,66,16,0,33,98,10,75,1.05e-24,98.6,78.79
lcl|ORF765_1:38917:38618,EDK22935.1,75.758,66,16,0,33,98,10,75,1.10e-24,99.4,80.30
lcl|ORF765_1:38917:38618,EPF26580.1,53.125,96,45,0,4,99,75,170,7.92e-24,100,62.50
lcl|ORF765_1:38917:38618,KUJ95333.1,71.212,66,19,0,33,98,48,113,1.30e-23,97.1,80.30
lcl|ORF765_1:38917:38618,ALG05280.2,66.176,68,23,0,31,98,1,68,3.84e-22,92.8,73.53
lcl|ORF765_1:38917:38618,GBG13986.1,68.182,66,21,0,33,98,7,72,3.84e-22,92.0,77.27
lcl|ORF765_1:38917:38618,EDM85221.1,73.770,61,16,0,38,98,3,63,4.90e-22,91.7,78.69
lcl|ORF765_1:38917:38618,EDM51784.1,71.875,64,18,0,35,98,1,64,8.14e-22,91.7,76.56
lcl|ORF765_1:38917:38618,OOF12438.1,65.714,70,24,0,29,98,5,74,1.61e-21,90.5,72.86
lcl|ORF765_1:38917:38618,ONJ25142.1,68.333,60,19,0,39,98,2,61,2.11e-21,89.7,78.33
lcl|ORF765_1:38917:38618,BAW80770.1,68.182,66,21,0,33,98,8,73,2.62e-21,90.1,74.24
lcl|ORF765_1:38917:38618,COC85316.1,80.357,56,11,0,43,98,114,169,2.88e-21,92.8,85.71
lcl|ORF765_1:38917:38618,SHT70305.1,65.152,66,23,0,33,98,14,79,3.11e-21,91.7,74.24
lcl|ORF765_1:38917:38618,OOE88293.1,68.182,66,21,0,33,98,9,74,3.54e-21,89.7,74.24
lcl|ORF765_1:38917:38618,VFF27751.1,82.353,51,9,0,48,98,56,106,3.60e-21,90.5,86.27
lcl|ORF765_1:38917:38618,OOE54486.1,68.182,66,21,0,33,98,9,74,3.91e-21,89.4,74.24
lcl|ORF765_1:38917:38618,SJO78624.1,77.778,54,12,0,45,98,96,149,4.18e-21,91.7,81.48
lcl|ORF765_1:38917:38618,CDZ90311.1,64.179,67,24,0,32,98,13,79,5.07e-21,91.7,73.13
lcl|ORF765_1:38917:38618,SNH53849.1,86.275,51,7,0,48,98,90,140,6.08e-21,90.9,92.16
lcl|ORF765_1:38917:38618,CBX28570.1,67.742,62,20,0,37,98,2,63,6.33e-21,89.0,77.42
lcl|ORF765_1:38917:38618,OZG61746.1,62.500,72,27,0,28,99,4,75,1.40e-20,92.0,68.06
lcl|ORF765_1:38917:38618,AGO87878.1,62.121,66,25,0,33,98,39,104,1.48e-20,89.7,74.24
lcl|ORF765_1:38917:38618,KFC54839.1,62.500,64,24,0,35,98,1,64,1.61e-20,87.8,73.44
lcl|ORF765_1:38917:38618,PHQ53576.1,61.905,63,24,0,35,97,1,63,2.16e-20,87.4,73.02
lcl|ORF765_1:38917:38618,GAD10793.1,71.667,60,17,0,39,98,64,123,2.19e-20,89.0,76.67
lcl|ORF765_1:38917:38618,AGO88040.1,63.514,74,27,0,25,98,3,76,2.20e-20,90.1,72.97
lcl|ORF765_1:38917:38618,KGD56284.1,65.079,63,22,0,36,98,6,68,2.44e-20,87.4,74.60
lcl|ORF765_1:38917:38618,OOE60821.1,70.000,60,18,0,39,98,5,64,3.12e-20,87.0,76.67
lcl|ORF765_1:38917:38618,OOE72662.1,70.000,60,18,0,39,98,5,64,3.64e-20,86.7,76.67
lcl|ORF765_1:38917:38618,KGD57980.1,66.667,60,20,0,39,98,2,61,4.06e-20,86.7,76.67
lcl|ORF765_1:38917:38618,MBT4641924.1,67.213,61,20,0,38,98,3,63,4.93e-20,86.3,73.77
lcl|ORF765_1:38917:38618,AXA74834.1,66.667,60,20,0,39,98,2,61,5.70e-20,86.3,76.67
lcl|ORF765_1:38917:38618,SOX55400.1,65.152,66,23,0,33,98,45,110,5.98e-20,90.1,74.24
lcl|ORF765_1:38917:38618,KGC56842.1,66.667,60,20,0,39,98,24,83,8.31e-20,86.3,76.67
lcl|ORF765_1:38917:38618,CDN43034.1,85.417,48,7,0,51,98,1,48,9.15e-20,85.5,93.75
lcl|ORF765_1:38917:38618,CAD6877387.1,57.692,78,29,1,21,98,4,77,9.18e-20,86.3,66.67
lcl|ORF765_1:38917:38618,OSG85581.1,63.636,66,24,0,34,99,6,71,1.01e-19,89.0,69.70
lcl|ORF765_1:38917:38618,OSH00946.1,63.636,66,24,0,34,99,9,74,1.14e-19,88.6,69.70
lcl|ORF765_1:38917:38618,MBT7152776.1,67.213,61,20,0,38,98,4,64,1.19e-19,85.9,73.77
lcl|ORF765_1:38917:38618,CAD6874917.1,63.636,66,24,0,33,98,12,77,1.69e-19,85.5,71.21
lcl|ORF765_1:38917:38618,EFH93632.1,65.152,66,23,0,33,98,6,71,2.44e-19,84.7,69.70
lcl|ORF765_1:38917:38618,OZM87040.1,66.667,60,20,0,39,98,4,63,2.75e-19,84.3,73.33
lcl|ORF765_1:38917:38618,NKT88899.1,61.194,67,26,0,25,91,132,198,3.48e-19,88.2,68.66
lcl|ORF765_1:38917:38618,OZG59192.1,67.213,61,20,0,39,99,3,63,4.54e-19,87.8,72.13
lcl|ORF766_1:38425:38333,KRL52330.1,82.759,29,5,0,2,30,14,42,3.16e-08,53.1,89.66
lcl|ORF766_1:38425:38333,TPR43701.1,84.615,26,4,0,4,29,37,62,1.57e-06,49.3,88.46
lcl|ORF766_1:38425:38333,TPR15889.1,84.615,26,4,0,4,29,38,63,1.85e-06,49.3,88.46
lcl|ORF766_1:38425:38333,SJZ97373.1,68.966,29,9,0,1,29,16,44,4.00e-06,48.1,82.76
lcl|ORF766_1:38425:38333,BDB95526.1,95.455,22,1,0,6,27,20,41,1.84e-05,46.6,95.45
lcl|ORF766_1:38425:38333,RJO59687.1,83.333,24,4,0,4,27,42,65,3.09e-05,46.2,91.67
lcl|ORF766_1:38425:38333,SLM52220.1,84.000,25,4,0,3,27,109,133,3.17e-05,47.8,92.00
lcl|ORF766_1:38425:38333,OIU71595.1,77.778,27,6,0,1,27,48,74,3.72e-05,45.8,81.48
lcl|ORF766_1:38425:38333,VXC71773.1,86.957,23,3,0,4,26,37,59,3.87e-05,45.4,95.65
lcl|ORF766_1:38425:38333,OIJ17602.1,95.455,22,1,0,3,24,108,129,4.13e-05,47.0,95.45
lcl|ORF766_1:38425:38333,EFG23369.1,90.476,21,2,0,4,24,8,28,6.21e-05,44.7,100.00
lcl|ORF766_1:38425:38333,PIR61274.1,76.923,26,6,0,2,27,37,62,6.70e-05,45.1,80.77
lcl|ORF766_1:38425:38333,WP_261796687.1,95.238,21,1,0,5,25,524,544,6.95e-05,47.8,95.24
lcl|ORF766_1:38425:38333,WP_210190630.1,86.957,23,3,0,6,28,9,31,8.03e-05,45.4,91.30
lcl|ORF766_1:38425:38333,CCG06579.1,84.000,25,4,0,5,29,50,74,8.66e-05,45.8,92.00
lcl|ORF766_1:38425:38333,WP_234126314.1,90.909,22,2,0,6,27,2,23,1.18e-04,44.3,90.91
lcl|ORF766_1:38425:38333,WP_234126600.1,83.333,24,4,0,4,27,2,25,1.34e-04,44.3,83.33
lcl|ORF766_1:38425:38333,WP_198150062.1,78.261,23,5,0,6,28,30,52,1.44e-04,43.9,86.96
lcl|ORF766_1:38425:38333,NDF69833.1,62.069,29,11,0,2,30,23,51,1.78e-04,43.9,79.31
lcl|ORF766_1:38425:38333,EDU05936.1,79.167,24,5,0,1,24,10,33,2.62e-04,43.1,83.33
lcl|ORF766_1:38425:38333,WP_232308246.1,83.333,24,4,0,4,27,2,25,2.69e-04,43.5,83.33
lcl|ORF766_1:38425:38333,WP_208906438.1,83.333,24,4,0,4,27,4,27,2.72e-04,43.5,83.33
lcl|ORF766_1:38425:38333,WP_232298579.1,83.333,24,4,0,4,27,3,26,2.72e-04,43.5,83.33
lcl|ORF766_1:38425:38333,WP_232306113.1,83.333,24,4,0,4,27,4,27,3.00e-04,43.5,83.33
lcl|ORF766_1:38425:38333,WP_229192453.1,83.333,24,4,0,4,27,3,26,3.11e-04,43.1,83.33
lcl|ORF766_1:38425:38333,WP_260188212.1,83.333,24,4,0,1,24,97,120,3.13e-04,44.7,83.33
lcl|ORF766_1:38425:38333,WP_232725366.1,90.909,22,2,0,6,27,44,65,3.46e-04,43.1,90.91
lcl|ORF766_1:38425:38333,GFD66712.1,90.476,21,2,0,4,24,18,38,4.26e-04,42.4,90.48
lcl|ORF766_1:38425:38333,KWU07546.1,76.000,25,6,0,4,28,43,67,5.30e-04,42.7,76.00
lcl|ORF766_1:38425:38333,MBE6139469.1,90.476,21,2,0,4,24,19,39,5.57e-04,43.9,95.24
lcl|ORF766_1:38425:38333,EFE73545.1,85.714,21,3,0,4,24,16,36,5.90e-04,42.0,95.24
lcl|ORF766_1:38425:38333,PIR58785.1,81.818,22,4,0,4,25,35,56,7.70e-04,42.4,86.36
lcl|ORF766_1:38425:38333,CCD00678.1,79.167,24,5,0,4,27,30,53,8.13e-04,44.3,87.50
lcl|ORF766_1:38425:38333,EGX75147.1,95.238,21,1,0,4,24,84,104,0.001,44.3,95.24
lcl|ORF766_1:38425:38333,WP_249044221.1,100.000,19,0,0,6,24,57,75,0.001,42.4,100.00
lcl|ORF766_1:38425:38333,VFI36694.1,90.476,21,2,0,5,25,84,104,0.001,42.7,90.48
lcl|ORF766_1:38425:38333,KFZ42566.1,100.000,19,0,0,6,24,70,88,0.001,42.4,100.00
lcl|ORF766_1:38425:38333,SFR17656.1,90.000,20,2,0,5,24,26,45,0.001,43.1,100.00
lcl|ORF766_1:38425:38333,CCC96787.1,79.167,24,5,0,4,27,30,53,0.001,43.9,87.50
lcl|ORF766_1:38425:38333,VNW41501.1,90.476,21,2,0,5,25,49,69,0.001,41.6,90.48
lcl|ORF766_1:38425:38333,VQM04599.1,90.476,21,2,0,5,25,82,102,0.002,42.4,90.48
lcl|ORF766_1:38425:38333,CJZ22399.1,90.476,21,2,0,5,25,205,225,0.002,43.9,90.48
lcl|ORF766_1:38425:38333,MBS5967145.1,84.211,19,3,0,9,27,1,19,0.002,41.6,94.74
lcl|ORF766_1:38425:38333,VSK12568.1,90.476,21,2,0,5,25,97,117,0.002,42.7,90.48
lcl|ORF766_1:38425:38333,VQP69240.1,90.476,21,2,0,5,25,110,130,0.002,42.7,90.48
lcl|ORF766_1:38425:38333,VXC38019.1,65.385,26,9,0,5,30,6,31,0.002,41.2,80.77
lcl|ORF766_1:38425:38333,CCC98582.1,79.167,24,5,0,4,27,30,53,0.002,43.1,87.50
lcl|ORF766_1:38425:38333,CMV64199.1,90.476,21,2,0,5,25,72,92,0.003,41.6,90.48
lcl|ORF766_1:38425:38333,WP_247815798.1,82.609,23,4,0,6,28,314,336,0.003,43.1,91.30
lcl|ORF766_1:38425:38333,PJE67544.1,90.000,20,2,0,6,25,8,27,0.003,40.8,95.00
lcl|ORF766_1:38425:38333,VRA98464.1,90.476,21,2,0,5,25,98,118,0.003,42.0,90.48
lcl|ORF766_1:38425:38333,TMB00106.1,67.857,28,9,0,2,29,15,42,0.004,40.8,75.00
lcl|ORF766_1:38425:38333,ARE04941.1,79.167,24,4,1,1,23,25,48,0.004,40.4,87.50
lcl|ORF766_1:38425:38333,VOJ30498.1,90.476,21,2,0,5,25,101,121,0.005,41.6,90.48
lcl|ORF766_1:38425:38333,PYU57140.1,73.913,23,6,0,5,27,39,61,0.005,40.8,91.30
lcl|ORF766_1:38425:38333,VRI22244.1,90.476,21,2,0,5,25,98,118,0.005,41.2,90.48
lcl|ORF766_1:38425:38333,CJU44771.1,90.476,21,2,0,5,25,84,104,0.007,40.8,90.48
lcl|ORF766_1:38425:38333,GAW67447.1,77.273,22,5,0,5,26,28,49,0.008,39.7,90.91
lcl|ORF766_1:38425:38333,SOX55400.1,90.000,20,2,0,5,24,171,190,0.008,42.0,100.00
lcl|ORF766_1:38425:38333,MBE6457185.1,69.231,26,8,0,5,30,28,53,0.008,40.0,80.77
lcl|ORF766_1:38425:38333,EEJ40006.1,65.385,26,9,0,1,26,29,54,0.008,40.0,73.08
lcl|ORF766_1:38425:38333,QBK08452.1,81.818,22,4,0,6,27,50,71,0.009,40.0,86.36
lcl|ORF766_1:38425:38333,QCS54579.1,94.737,19,1,0,6,24,68,86,0.009,40.4,94.74
lcl|ORF766_1:38425:38333,SOZ25706.1,70.833,24,7,0,5,28,47,70,0.009,40.0,83.33
lcl|ORF766_1:38425:38333,CBI82628.1,60.714,28,11,0,1,28,5,32,0.009,39.3,78.57
lcl|ORF766_1:38425:38333,WP_212880462.1,89.474,19,2,0,8,26,1,19,0.010,40.0,94.74
lcl|ORF766_1:38425:38333,VPC13998.1,90.476,21,2,0,5,25,159,179,0.010,41.2,90.48
lcl|ORF766_1:38425:38333,CNU32488.1,90.476,21,2,0,5,25,121,141,0.011,40.8,90.48
lcl|ORF766_1:38425:38333,CKB24632.1,90.476,21,2,0,5,25,193,213,0.011,41.6,90.48
lcl|ORF766_1:38425:38333,COR52360.1,90.476,21,2,0,5,25,191,211,0.012,41.2,90.48
lcl|ORF766_1:38425:38333,VSH41609.1,90.476,21,2,0,5,25,118,138,0.012,40.8,90.48
lcl|ORF766_1:38425:38333,REH88544.1,81.818,22,4,0,3,24,38,59,0.014,39.3,86.36
lcl|ORF766_1:38425:38333,HAT1304175.1,90.000,20,2,0,5,24,19,38,0.015,39.7,100.00
lcl|ORF766_1:38425:38333,CAG5478006.1,90.476,21,2,0,5,25,118,138,0.016,40.4,90.48
lcl|ORF766_1:38425:38333,HAZ73210.1,80.000,20,4,0,5,24,41,60,0.017,38.9,90.00
lcl|ORF766_1:38425:38333,SPD56059.1,70.833,24,7,0,5,28,47,70,0.018,39.7,83.33
lcl|ORF766_1:38425:38333,SPD44771.1,70.833,24,7,0,5,28,47,70,0.018,39.7,83.33
lcl|ORF766_1:38425:38333,SOY46772.1,70.833,24,7,0,5,28,47,70,0.018,40.0,83.33
lcl|ORF766_1:38425:38333,SOZ61035.1,70.833,24,7,0,5,28,47,70,0.020,40.0,83.33
lcl|ORF766_1:38425:38333,SPK76199.1,70.833,24,7,0,5,28,47,70,0.020,39.7,83.33
lcl|ORF766_1:38425:38333,HHN64280.1,85.000,20,3,0,6,25,25,44,0.020,38.9,90.00
lcl|ORF766_1:38425:38333,SPD39736.1,70.833,24,7,0,5,28,47,70,0.020,40.0,83.33
lcl|ORF766_1:38425:38333,SPD43148.1,70.833,24,7,0,5,28,47,70,0.021,40.0,83.33
lcl|ORF766_1:38425:38333,VQI37767.1,90.476,21,2,0,5,25,105,125,0.021,40.0,90.48
lcl|ORF766_1:38425:38333,HAT1182365.1,90.000,20,2,0,5,24,19,38,0.021,40.0,100.00
lcl|ORF766_1:38425:38333,TME11325.1,76.000,25,6,0,3,27,37,61,0.022,39.7,84.00
lcl|ORF766_1:38425:38333,SOR31259.1,70.833,24,7,0,5,28,3,26,0.023,38.9,87.50
lcl|ORF766_1:38425:38333,HHN64500.1,85.000,20,3,0,6,25,25,44,0.023,39.3,90.00
lcl|ORF766_1:38425:38333,SPK70225.1,70.833,24,7,0,5,28,47,70,0.024,40.0,83.33
lcl|ORF766_1:38425:38333,KGI71433.1,78.261,23,5,0,5,27,9,31,0.025,40.4,82.61
lcl|ORF766_1:38425:38333,TSC54124.1,90.000,20,2,0,6,25,77,96,0.026,39.7,95.00
lcl|ORF766_1:38425:38333,EGR54170.1,68.182,22,7,0,6,27,27,48,0.026,39.7,81.82
lcl|ORF766_1:38425:38333,WP_211305668.1,83.333,18,3,0,10,27,1,18,0.028,38.5,94.44
lcl|ORF766_1:38425:38333,WP_211305674.1,83.333,18,3,0,10,27,1,18,0.029,38.5,94.44
lcl|ORF766_1:38425:38333,WP_216675792.1,94.444,18,1,0,9,26,1,18,0.029,38.9,94.44
lcl|ORF766_1:38425:38333,AOE06196.1,69.231,26,8,0,1,26,21,46,0.034,38.5,76.92
lcl|ORF766_1:38425:38333,SOT39944.1,65.385,26,9,0,5,30,82,107,0.036,39.3,80.77
lcl|ORF766_1:38425:38333,PYR50865.1,70.833,24,7,0,5,28,6,29,0.037,38.5,79.17
lcl|ORF766_1:38425:38333,HCU01546.1,58.621,29,12,0,1,29,19,47,0.038,38.1,68.97
lcl|ORF766_1:38425:38333,SPD44546.1,70.833,24,7,0,5,28,81,104,0.039,39.3,83.33
lcl|ORF767_1:38257:38066,WP_223876651.1,60.000,50,14,1,10,59,1,44,5.15e-08,54.3,70.00
lcl|ORF767_1:38257:38066,WP_181468012.1,94.444,18,1,0,1,18,1,18,0.029,42.0,94.44
lcl|ORF767_1:38257:38066,WP_235807274.1,94.444,18,1,0,2,19,1,18,0.037,39.7,94.44


